Keyword;Potential;Difficulty;"Search Volume";CPC;Competition;"Trend 1 Date";"Trend 1 Search Volume";"Trend 2 Date";"Trend 2 Search Volume";"Trend 3 Date";"Trend 3 Search Volume";"Trend 4 Date";"Trend 4 Search Volume";"Trend 5 Date";"Trend 5 Search Volume";"Trend 6 Date";"Trend 6 Search Volume";"Trend 7 Date";"Trend 7 Search Volume";"Trend 8 Date";"Trend 8 Search Volume";"Trend 9 Date";"Trend 9 Search Volume";"Trend 10 Date";"Trend 10 Search Volume";"Trend 11 Date";"Trend 11 Search Volume";"Trend 12 Date";"Trend 12 Search Volume";"Trend 13 Date";"Trend 13 Search Volume";"Trend 14 Date";"Trend 14 Search Volume";"Trend 15 Date";"Trend 15 Search Volume";"Trend 16 Date";"Trend 16 Search Volume"
"adidas sweatshirt womens";LOW;58;6600;1.44;100;2020-04;4400;2020-03;3600;2020-02;5400;2020-01;6600;2019-12;14800;2019-11;12100;2019-10;8100;2019-09;5400;2019-08;5400;2019-07;2900;2019-06;2400;2019-05;3600;2019-04;4400;2019-03;8100;2019-02;6600
"womens adidas sweatshirt";LOW;58;6600;1.54;100;2020-03;3600;2020-02;5400;2020-01;6600;2019-12;14800;2019-11;12100;2019-10;8100;2019-09;5400;2019-08;5400;2019-07;2900;2019-06;2400;2019-05;3600;2019-04;4400;2019-03;8100;2019-02;6600;2019-01;9900
"adidas womens sweatshirt";LOW;58;6600;1.44;100;2020-04;4400;2020-03;3600;2020-02;5400;2020-01;6600;2019-12;14800;2019-11;12100;2019-10;8100;2019-09;5400;2019-08;5400;2019-07;2900;2019-06;2400;2019-05;3600;2019-04;4400;2019-03;8100;2019-02;6600;2019-01;9900
"adidas outfit women";LOW;58;6600;1.15;100;2020-04;5400;2020-03;4400;2020-02;5400;2020-01;5400;2019-12;9900;2019-11;8100;2019-10;8100;2019-09;6600;2019-08;6600;2019-07;5400;2019-06;5400;2019-06;5400
"adidas leggings women";LOW;58;6600;1.64;100;2020-04;6600;2020-03;5400;2020-02;8100;2020-01;8100;2019-12;9900;2019-11;8100;2019-10;8100;2019-09;6600;2019-08;6600;2019-07;5400;2019-06;6600;2019-06;6600
"adidas crop top";LOW;58;6600;0.97;100;2020-04;9900;2020-03;6600;2020-02;5400;2020-01;5400;2019-12;6600;2019-11;5400;2019-10;4400;2019-09;6600;2019-08;8100;2019-07;9900;2019-06;8100;2019-06;8100
"adidas shirts women";LOW;58;6600;1.28;100;2020-04;6600;2020-03;5400;2020-02;5400;2020-01;5400;2019-12;6600;2019-11;5400;2019-10;6600;2019-09;8100;2019-08;9900;2019-07;9900;2019-06;8100;2019-06;8100
"adidas black sweatshirt womens";LOW;45;390;1.42;100;2020-04;260;2020-03;210;2020-02;260;2020-01;390;2019-12;720;2019-11;590;2019-10;480;2019-09;480;2019-08;320;2019-07;170;2019-06;170;2019-05;170;2019-04;170;2019-03;390;2019-02;480;2019-01;590
"womens black adidas sweatshirt";LOW;45;390;0.74;100;2020-02;260;2020-01;390;2019-12;720;2019-11;590;2019-10;590;2019-09;480;2019-08;320;2019-07;170;2019-06;170;2019-05;170;2019-04;170;2019-03;390;2019-02;480;2019-01;590
"adidas crewneck sweatshirt womens";LOW;45;390;1.09;100;2020-04;320;2020-03;210;2020-02;320;2020-01;390;2019-12;880;2019-11;480;2019-10;390;2019-09;320;2019-08;390;2019-07;210;2019-06;140;2019-05;260;2019-04;260;2019-03;590;2019-02;590;2019-01;1000
"black adidas sweatshirt womens";LOW;45;390;1.63;100;2020-03;210;2020-02;260;2020-01;390;2019-12;720;2019-11;590;2019-10;590;2019-09;480;2019-08;320;2019-07;170;2019-06;170;2019-05;170;2019-04;170;2019-03;390;2019-02;480;2019-01;590
"womens adidas crew neck sweatshirt";LOW;41;390;0.74;100;2020-01;390;2019-12;880;2019-11;480;2019-10;390;2019-09;320;2019-08;390;2019-07;210;2019-06;140;2019-05;260;2019-04;260;2019-03;590;2019-02;590;2019-01;1000
"black adidas crop top";LOW;45;390;0.97;100;2020-04;390;2020-03;320;2020-02;260;2020-01;260;2019-12;320;2019-11;320;2019-10;320;2019-09;390;2019-08;390;2019-07;480;2019-06;390;2019-06;390
"white adidas jacket womens";LOW;45;390;0.86;100;2020-04;210;2020-03;320;2020-02;320;2020-01;390;2019-12;590;2019-11;480;2019-10;590;2019-09;390;2019-08;390;2019-07;480;2019-06;390;2019-06;390
"burgundy adidas shirt";LOW;50;390;0.85;100;2020-04;260;2020-03;260;2020-02;320;2020-01;390;2019-12;260;2019-11;260;2019-10;390;2019-09;390;2019-08;480;2019-07;590;2019-06;590;2019-06;590
"maroon adidas shirt";LOW;50;390;1.15;100;2020-04;320;2020-03;210;2020-02;320;2020-01;320;2019-12;320;2019-11;260;2019-10;210;2019-09;390;2019-08;480;2019-07;590;2019-06;390;2019-06;390
"adidas long dress";LOW;50;390;0.81;100;2020-04;320;2020-03;210;2020-02;320;2020-01;320;2019-12;320;2019-11;210;2019-10;390;2019-09;480;2019-08;480;2019-07;390;2019-06;590;2019-06;590
"adidas flower jacket";LOW;50;390;0.58;100;2020-04;320;2020-03;320;2020-02;320;2020-01;390;2019-12;390;2019-11;390;2019-10;480;2019-09;480;2019-08;590;2019-07;390;2019-06;320;2019-06;320
"pink adidas tracksuit womens";LOW;45;390;0.95;100;2020-04;320;2020-03;320;2020-02;390;2020-01;390;2019-12;720;2019-11;480;2019-10;590;2019-09;390;2019-08;320;2019-07;260;2019-06;260;2019-06;260
"adidas two piece set";LOW;45;390;1.18;100;2020-04;390;2020-03;480;2020-02;590;2020-01;480;2019-12;320;2019-11;260;2019-10;260;2019-09;320;2019-08;390;2019-07;260;2019-06;480;2019-06;480
"black and gold adidas hoodie";LOW;41;390;0.72;100;2020-04;320;2020-03;260;2020-02;390;2020-01;590;2019-12;880;2019-11;480;2019-10;390;2019-09;260;2019-08;320;2019-07;110;2019-06;70;2019-06;70
"white adidas dress";LOW;50;390;0.9;100;2020-04;320;2020-03;390;2020-02;260;2020-01;390;2019-12;210;2019-11;170;2019-10;260;2019-09;390;2019-08;480;2019-07;720;2019-06;720;2019-06;720
"grey adidas hoodie womens";LOW;45;390;1;100;2020-04;320;2020-03;320;2020-02;390;2020-01;480;2019-12;720;2019-11;590;2019-10;480;2019-09;320;2019-08;260;2019-07;210;2019-06;170;2019-06;170
"shirts adidas";LOW;57;390;1.44;100;2020-04;390;2020-03;260;2020-02;260;2020-01;320;2019-12;390;2019-11;390;2019-10;260;2019-09;320;2019-08;480;2019-07;480;2019-06;480;2019-06;480
"ladies adidas tracksuit";LOW;50;390;1.15;100;2020-04;390;2020-03;140;2020-02;390;2020-01;480;2019-12;720;2019-11;480;2019-10;720;2019-09;390;2019-08;390;2019-07;260;2019-06;320;2019-06;320
"adidas zip up hoodie womens";LOW;41;390;0.89;100;2020-04;260;2020-03;210;2020-02;390;2020-01;390;2019-12;590;2019-11;480;2019-10;480;2019-09;480;2019-08;320;2019-07;170;2019-06;210;2019-06;210
"all pink adidas";LOW;50;390;0.6;100;2020-04;320;2020-03;320;2020-02;390;2020-01;320;2019-12;480;2019-11;390;2019-10;320;2019-09;260;2019-08;590;2019-07;480;2019-06;320;2019-06;320
"adidas tee womens";LOW;50;390;1.42;100;2020-04;390;2020-03;320;2020-02;320;2020-01;260;2019-12;260;2019-11;260;2019-10;260;2019-09;480;2019-08;590;2019-07;590;2019-06;480;2019-06;480
"adidas floral tracksuit womens";LOW;45;390;0.59;100;2020-04;590;2020-03;320;2020-02;390;2020-01;880;2019-12;320;2019-11;390;2019-10;320;2019-09;210;2019-08;260;2019-07;210;2019-06;170;2019-06;170
"adidas white sweatshirt womens";LOW;45;320;1.63;100;2020-04;210;2020-03;140;2020-02;260;2020-01;390;2019-12;590;2019-11;480;2019-10;390;2019-09;320;2019-08;210;2019-07;170;2019-06;170;2019-05;170;2019-04;210;2019-03;390;2019-02;260;2019-01;480
"white adidas sweatshirt womens";LOW;45;320;0.83;100;2020-01;390;2019-12;590;2019-11;480;2019-10;390;2019-09;320;2019-08;210;2019-07;170;2019-06;170;2019-05;170;2019-04;210;2019-03;390;2019-02;260;2019-01;480
"womens white adidas sweatshirt";LOW;45;320;1.63;100;2020-04;210;2020-03;140;2020-02;260;2020-01;390;2019-12;590;2019-11;480;2019-10;390;2019-09;320;2019-08;210;2019-07;170;2019-06;170;2019-05;170;2019-04;210;2019-03;390;2019-02;260;2019-01;480
"adidas originals women's clothing";LOW;45;320;1.35;100;2020-04;320;2020-03;210;2020-02;170;2020-01;260;2019-12;260;2019-11;260;2019-10;260;2019-09;260;2019-08;320;2019-07;390;2019-06;320;2019-06;320
"adidas windbreaker jacket womens";LOW;45;320;1.24;100;2020-04;210;2020-03;260;2020-02;260;2020-01;320;2019-12;590;2019-11;480;2019-10;390;2019-09;260;2019-08;260;2019-07;210;2019-06;210;2019-06;210
"blue adidas outfit";LOW;49;320;0.66;100;2020-04;390;2020-03;320;2020-02;320;2020-01;320;2019-12;480;2019-11;390;2019-10;390;2019-09;390;2019-08;260;2019-07;320;2019-06;260;2019-06;260
"womens adidas cropped hoodie";LOW;45;320;0.89;100;2020-04;260;2020-03;210;2020-02;260;2020-01;320;2019-12;1000;2019-11;720;2019-10;390;2019-09;320;2019-08;210;2019-07;210;2019-06;140;2019-06;140
"red adidas shirt womens";LOW;45;320;1.24;100;2020-04;260;2020-03;210;2020-02;210;2020-01;260;2019-12;320;2019-11;140;2019-10;260;2019-09;320;2019-08;390;2019-07;480;2019-06;390;2019-06;390
"adidas crop top shirt";LOW;44;320;0.9;99.6;2020-04;260;2020-03;320;2020-02;210;2020-01;260;2019-12;320;2019-11;260;2019-10;260;2019-09;260;2019-08;390;2019-07;480;2019-06;390;2019-06;390
"adidas cropped hoodie black";LOW;45;320;0.68;100;2020-04;210;2020-03;320;2020-02;260;2020-01;390;2019-12;720;2019-11;390;2019-10;390;2019-09;260;2019-08;320;2019-07;260;2019-06;210;2019-06;210
"pink adidas hoodie womens";LOW;45;320;1.22;100;2020-04;210;2020-03;260;2020-02;390;2020-01;320;2019-12;720;2019-11;480;2019-10;480;2019-09;320;2019-08;260;2019-07;260;2019-06;210;2019-06;210
"womens adidas tshirt";LOW;49;320;1.85;100;2020-04;320;2020-03;260;2020-02;210;2020-01;260;2019-12;260;2019-11;260;2019-10;210;2019-09;320;2019-08;390;2019-07;390;2019-06;480;2019-06;480
"adidas crop shirt";LOW;49;320;0.93;100;2020-04;390;2020-03;260;2020-02;260;2020-01;320;2019-12;390;2019-11;320;2019-10;320;2019-09;260;2019-08;390;2019-07;480;2019-06;320;2019-06;320
"adidas long sleeve dress";LOW;45;320;0.76;100;2020-04;170;2020-03;210;2020-02;260;2020-01;260;2019-12;260;2019-11;390;2019-10;390;2019-09;480;2019-08;390;2019-07;320;2019-06;320;2019-06;320
"pink adidas track jacket";LOW;45;320;0.69;100;2020-04;260;2020-03;260;2020-02;260;2020-01;260;2019-12;320;2019-11;320;2019-10;390;2019-09;390;2019-08;320;2019-07;260;2019-06;210;2019-06;210
"adidas gold jacket";LOW;49;320;0.97;100;2020-04;210;2020-03;320;2020-02;390;2020-01;390;2019-12;590;2019-11;390;2019-10;260;2019-09;320;2019-08;260;2019-07;210;2019-06;170;2019-06;170
"adidas cropped sweater";LOW;49;320;0.98;100;2020-04;260;2020-03;390;2020-02;260;2020-01;390;2019-12;720;2019-11;480;2019-10;390;2019-09;320;2019-08;320;2019-07;210;2019-06;170;2019-06;170
"black and white adidas sweatshirt";LOW;41;320;0.97;100;2020-04;210;2020-03;260;2020-02;320;2020-01;320;2019-12;590;2019-11;390;2019-10;320;2019-09;320;2019-08;260;2019-07;170;2019-06;210;2019-06;210
"adidas originals jacket womens";LOW;45;320;1;100;2020-04;210;2020-03;210;2020-02;260;2020-01;210;2019-12;390;2019-11;390;2019-10;480;2019-09;320;2019-08;260;2019-07;170;2019-06;260;2019-06;260
"adidas pullover women's";LOW;49;320;1.29;100;2020-04;210;2020-03;170;2020-02;320;2020-01;390;2019-12;720;2019-11;590;2019-10;390;2019-09;260;2019-08;320;2019-07;110;2019-06;140;2019-06;140
"adidas sweatshirt dress";LOW;49;320;1.12;100;2020-04;210;2020-03;210;2020-02;260;2020-01;320;2019-12;480;2019-11;390;2019-10;480;2019-09;480;2019-08;320;2019-07;140;2019-06;140;2019-06;140
"rose gold adidas shirt";LOW;45;320;0.75;100;2020-04;170;2020-03;210;2020-02;260;2020-01;260;2019-12;320;2019-11;260;2019-10;260;2019-09;260;2019-08;390;2019-07;390;2019-06;390;2019-06;390
"adidas floral shirt";LOW;49;320;0.74;100;2020-04;210;2020-03;260;2020-02;210;2020-01;210;2019-12;260;2019-11;210;2019-10;320;2019-09;390;2019-08;480;2019-07;480;2019-06;590;2019-06;590
"adidas sweater dress";LOW;49;320;0.95;100;2020-04;210;2020-03;170;2020-02;390;2020-01;480;2019-12;390;2019-11;480;2019-10;590;2019-09;260;2019-08;260;2019-07;170;2019-06;140;2019-06;140
"adidas one piece jumpsuit";LOW;45;320;0.92;100;2020-04;210;2020-03;170;2020-02;320;2020-01;480;2019-12;320;2019-11;260;2019-10;390;2019-09;320;2019-08;210;2019-07;260;2019-06;320;2019-06;320
"womens adidas trefoil sweatshirt";LOW;44;260;0.95;100;2020-01;170;2019-12;480;2019-11;320;2019-10;210;2019-09;110;2019-08;170;2019-07;140;2019-06;90;2019-05;210;2019-04;170;2019-03;390;2019-02;480;2019-01;480
"gray adidas sweatshirt";LOW;49;260;0.79;100;2020-04;170;2020-03;170;2020-02;210;2020-01;320;2019-12;480;2019-11;390;2019-10;390;2019-09;260;2019-08;170;2019-07;170;2019-06;90;2019-06;90
"red adidas crop top";LOW;44;260;0.65;100;2020-04;260;2020-03;170;2020-02;170;2020-01;260;2019-12;210;2019-11;170;2019-10;210;2019-09;320;2019-08;390;2019-07;320;2019-06;390;2019-06;390
"green adidas tracksuit womens";LOW;44;260;0.88;100;2020-04;260;2020-03;390;2020-02;480;2020-01;260;2019-12;480;2019-11;320;2019-10;260;2019-09;260;2019-08;170;2019-07;140;2019-06;90;2019-06;90
"adidas crop t shirt";LOW;44;260;1.27;100;2020-04;320;2020-03;260;2020-02;210;2020-01;170;2019-12;320;2019-11;140;2019-10;210;2019-09;320;2019-08;260;2019-07;320;2019-06;480;2019-06;480
"pink adidas jacket womens";LOW;44;260;0.67;100;2020-04;170;2020-03;260;2020-02;260;2020-01;260;2019-12;320;2019-11;320;2019-10;260;2019-09;320;2019-08;320;2019-07;320;2019-06;140;2019-06;140
"adidas jumper womens";LOW;49;260;1.71;99.8;2020-04;170;2020-03;140;2020-02;260;2020-01;210;2019-12;320;2019-11;210;2019-10;320;2019-09;390;2019-08;260;2019-07;320;2019-06;210;2019-06;210
"pink and white adidas shirt";LOW;41;260;1.16;100;2020-04;140;2020-03;210;2020-02;170;2020-01;140;2019-12;170;2019-11;170;2019-10;260;2019-09;210;2019-08;320;2019-07;390;2019-06;320;2019-06;320
"gold adidas hoodie";LOW;49;260;0.86;100;2020-04;140;2020-03;260;2020-02;320;2020-01;320;2019-12;590;2019-11;480;2019-10;320;2019-09;260;2019-08;260;2019-07;170;2019-06;170;2019-06;170
"adidas sportswear womens";LOW;49;260;1.24;100;2020-04;170;2020-03;140;2020-02;260;2020-01;210;2019-12;480;2019-11;480;2019-10;210;2019-09;170;2019-08;260;2019-07;170;2019-06;210;2019-06;210
"adidas crew neck womens";LOW;44;260;0.9;100;2020-04;210;2020-03;170;2020-02;210;2020-01;320;2019-12;720;2019-11;590;2019-10;320;2019-09;260;2019-08;210;2019-07;140;2019-06;90;2019-06;90
"adidas floral dress";LOW;49;260;0.68;100;2020-04;140;2020-03;170;2020-02;140;2020-01;110;2019-12;90;2019-11;70;2019-10;210;2019-09;260;2019-08;390;2019-07;590;2019-06;390;2019-06;390
"black adidas shirt womens";LOW;44;260;1.02;99.6;2020-04;210;2020-03;210;2020-02;140;2020-01;140;2019-12;210;2019-11;210;2019-10;210;2019-09;260;2019-08;390;2019-07;390;2019-06;320;2019-06;320
"grey adidas sweater";LOW;49;260;0.63;100;2020-04;170;2020-03;170;2020-02;260;2020-01;320;2019-12;480;2019-11;390;2019-10;320;2019-09;260;2019-08;210;2019-07;170;2019-06;110;2019-06;110
"adidas floral jacket women's";LOW;44;260;0.51;100;2020-04;320;2020-03;260;2020-02;260;2020-01;260;2019-12;320;2019-11;210;2019-10;320;2019-09;320;2019-08;320;2019-07;260;2019-06;170;2019-06;170
"adidas women wear";LOW;49;260;1.64;100;2020-04;260;2020-03;210;2020-02;210;2020-01;260;2019-12;390;2019-11;210;2019-10;210;2019-09;170;2019-08;320;2019-07;390;2019-06;260;2019-06;260
"womens black adidas tracksuit";LOW;44;260;0.95;100;2020-04;210;2020-03;170;2020-02;260;2020-01;320;2019-12;590;2019-11;480;2019-10;390;2019-09;320;2019-08;260;2019-07;210;2019-06;210;2019-06;210
"adidas trefoil sweatshirt womens";LOW;44;210;1.59;100;2020-04;140;2020-03;140;2020-02;210;2020-01;170;2019-12;480;2019-11;320;2019-10;210;2019-09;110;2019-08;170;2019-07;140;2019-06;90;2019-05;210;2019-04;170;2019-03;390;2019-02;480;2019-01;480
"adidas trefoil womens sweatshirt";LOW;44;210;1.59;100;2020-04;140;2020-03;140;2020-02;210;2020-01;170;2019-12;480;2019-11;320;2019-10;210;2019-09;110;2019-08;170;2019-07;140;2019-06;90;2019-05;210;2019-04;170;2019-03;390;2019-02;480;2019-01;480
"adidas originals hoodie women's";LOW;44;210;0.95;100;2020-04;140;2020-03;110;2020-02;170;2020-01;260;2019-12;480;2019-11;390;2019-10;390;2019-09;260;2019-08;140;2019-07;140;2019-06;110;2019-06;110
"adidas sweater black and white";LOW;41;210;1.07;100;2020-04;140;2020-03;170;2020-02;210;2020-01;260;2019-12;590;2019-11;320;2019-10;260;2019-09;260;2019-08;210;2019-07;140;2019-06;140;2019-06;140
"black and white adidas outfit";LOW;41;210;1.4;100;2020-04;170;2020-03;210;2020-02;210;2020-01;210;2019-12;260;2019-11;320;2019-10;260;2019-09;210;2019-08;210;2019-07;210;2019-06;140;2019-06;140
"adidas vest womens";LOW;49;210;0.89;100;2020-04;210;2020-03;140;2020-02;320;2020-01;260;2019-12;390;2019-11;390;2019-10;320;2019-09;110;2019-08;110;2019-07;90;2019-06;110;2019-06;110
"adidas women's jacket with hood";LOW;41;210;1.07;100;2020-04;140;2020-03;140;2020-02;210;2020-01;260;2019-12;320;2019-11;320;2019-10;260;2019-09;210;2019-08;140;2019-07;110;2019-06;90;2019-06;90
"pink adidas crop top";LOW;44;210;0.81;100;2020-04;210;2020-03;170;2020-02;210;2020-01;170;2019-12;140;2019-11;140;2019-10;210;2019-09;170;2019-08;210;2019-07;210;2019-06;260;2019-06;260
"adidas originals dress";LOW;49;210;1.01;99.9;2020-04;480;2020-03;170;2020-02;170;2020-01;170;2019-12;110;2019-11;110;2019-10;170;2019-09;140;2019-08;260;2019-07;320;2019-06;260;2019-06;260
"adidas zip up sweater";LOW;44;210;1.42;100;2020-04;90;2020-03;140;2020-02;210;2020-01;210;2019-12;390;2019-11;320;2019-10;260;2019-09;170;2019-08;210;2019-07;170;2019-06;210;2019-06;210
"adidas floral sweatshirt";LOW;49;210;0.99;100;2020-04;170;2020-03;210;2020-02;170;2020-01;260;2019-12;390;2019-11;320;2019-10;320;2019-09;210;2019-08;210;2019-07;170;2019-06;110;2019-06;110
"adidas flower hoodie";LOW;49;210;0.62;100;2020-04;170;2020-03;140;2020-02;170;2020-01;260;2019-12;390;2019-11;390;2019-10;260;2019-09;210;2019-08;170;2019-07;110;2019-06;90;2019-06;90
"adidas originals womens sweatshirt";LOW;44;110;0.85;100;2020-04;90;2020-03;110;2020-02;70;2020-01;90;2019-12;170;2019-11;140;2019-10;170;2019-09;140;2019-08;110;2019-07;110;2019-06;90;2019-05;110;2019-04;90;2019-03;210;2019-02;210;2019-01;260
"womens adidas crew sweatshirt";LOW;44;110;1;100;2020-01;140;2019-12;320;2019-11;170;2019-10;110;2019-09;110;2019-08;90;2019-07;50;2019-06;50;2019-05;70;2019-04;90;2019-03;110;2019-02;140;2019-01;210
"adidas originals sweatshirt womens";LOW;44;110;0.85;100;2020-04;90;2020-03;110;2020-02;70;2020-01;90;2019-12;170;2019-11;140;2019-10;170;2019-09;140;2019-08;110;2019-07;110;2019-06;90;2019-05;110;2019-04;90;2019-03;210;2019-02;210;2019-01;260
"grey adidas sweatshirt womens";LOW;44;110;1.01;100;2020-04;90;2020-03;70;2020-02;90;2020-01;140;2019-12;260;2019-11;170;2019-10;170;2019-09;110;2019-08;140;2019-07;70;2019-06;70;2019-05;50;2019-04;70;2019-03;260;2019-02;210;2019-01;320
"adidas crew sweatshirt womens";LOW;44;110;0.79;100;2020-04;170;2020-03;70;2020-02;70;2020-01;110;2019-12;210;2019-11;170;2019-10;90;2019-09;90;2019-08;70;2019-07;40;2019-06;50;2019-05;50;2019-04;90;2019-03;110;2019-02;140;2019-01;210
"womens pink adidas hoodie";LOW;44;110;1.23;100;2020-04;40;2020-03;90;2020-02;70;2020-01;170;2019-12;260;2019-11;170;2019-10;90;2019-09;90;2019-08;70;2019-07;40;2019-06;50;2019-06;50
"adidas one piece jumpsuit womens";LOW;41;110;1.18;100;2020-04;70;2020-03;110;2020-02;70;2020-01;140;2019-12;140;2019-11;210;2019-10;170;2019-09;110;2019-08;140;2019-07;90;2019-06;110;2019-06;110
"adidas superstar jacket womens";LOW;44;110;0.79;100;2020-04;70;2020-03;70;2020-02;140;2020-01;90;2019-12;110;2019-11;110;2019-10;170;2019-09;140;2019-08;110;2019-07;140;2019-06;50;2019-06;50
"adidas ladies jacket";LOW;49;110;0.9;100;2020-04;70;2020-03;90;2020-02;110;2020-01;90;2019-12;170;2019-11;140;2019-10;140;2019-09;170;2019-08;110;2019-07;50;2019-06;90;2019-06;90
"adidas floral set";LOW;49;110;1.05;100;2020-04;170;2020-03;50;2020-02;30;2020-01;90;2019-12;260;2019-11;90;2019-10;50;2019-09;70;2019-08;110;2019-07;140;2019-06;90;2019-06;90
"adidas sweater and pants";LOW;44;110;0.68;100;2020-04;40;2020-03;30;2020-02;110;2020-01;140;2019-12;210;2019-11;260;2019-10;170;2019-09;110;2019-08;110;2019-07;90;2019-06;90;2019-06;90
"adidas jacket womens sale";LOW;44;110;1.48;100;2020-04;40;2020-03;70;2020-02;40;2020-01;70;2019-12;170;2019-11;110;2019-10;170;2019-09;110;2019-08;110;2019-07;110;2019-06;90;2019-06;90
"adidas jersey dress";LOW;49;110;0.51;100;2020-04;40;2020-03;70;2020-02;70;2020-01;40;2019-12;40;2019-11;50;2019-10;70;2019-09;140;2019-08;140;2019-07;170;2019-06;210;2019-06;210
"adidas floral crop top";LOW;44;110;0.83;99.8;2020-04;140;2020-03;70;2020-02;110;2020-01;90;2019-12;90;2019-11;70;2019-10;70;2019-09;90;2019-08;140;2019-07;170;2019-06;140;2019-06;140
"adidas crop top outfit";LOW;44;110;0.75;100;2020-04;140;2020-03;110;2020-02;140;2020-01;70;2019-12;90;2019-11;70;2019-10;50;2019-09;110;2019-08;110;2019-07;170;2019-06;210;2019-06;210
"green adidas jacket womens";LOW;44;110;0.75;99.3;2020-04;110;2020-03;110;2020-02;170;2020-01;210;2019-12;140;2019-11;140;2019-10;90;2019-09;90;2019-08;90;2019-07;50;2019-06;110;2019-06;110
"adidas floral hoodie womens";LOW;44;110;0.52;100;2020-04;90;2020-03;70;2020-02;90;2020-01;110;2019-12;260;2019-11;140;2019-10;110;2019-09;90;2019-08;90;2019-07;90;2019-06;40;2019-06;40
"female adidas sweatsuit";LOW;49;110;1.75;100;2020-04;40;2020-03;90;2020-02;90;2020-01;210;2019-12;210;2019-11;210;2019-10;110;2019-09;170;2019-08;90;2019-07;30;2019-06;20;2019-06;20
"adidas clothing for ladies";LOW;44;110;2.18;100;2020-04;70;2020-03;70;2020-02;70;2020-01;110;2019-12;170;2019-11;110;2019-10;110;2019-09;210;2019-08;110;2019-07;110;2019-06;110;2019-06;110
"adidas originals tracksuit womens";LOW;44;110;1.21;100;2020-04;70;2020-03;90;2020-02;50;2020-01;140;2019-12;260;2019-11;140;2019-10;170;2019-09;90;2019-08;90;2019-07;90;2019-06;110;2019-06;110
"adidas women's hooded sweatshirts";LOW;44;110;1.12;100;2020-04;70;2020-03;50;2020-02;90;2020-01;210;2019-12;320;2019-11;210;2019-10;140;2019-09;90;2019-08;70;2019-07;40;2019-06;70;2019-06;70
"red adidas cropped hoodie";LOW;44;110;0.58;100;2020-04;210;2020-03;140;2020-02;110;2020-01;140;2019-12;210;2019-11;110;2019-10;110;2019-09;90;2019-08;90;2019-07;40;2019-06;30;2019-06;30
"white adidas top";LOW;49;110;0.94;100;2020-04;110;2020-03;110;2020-02;110;2020-01;110;2019-12;90;2019-11;90;2019-10;90;2019-09;90;2019-08;140;2019-07;170;2019-06;110;2019-06;110
"female adidas outfits";LOW;49;110;1.04;100;2020-04;110;2020-03;90;2020-02;110;2020-01;90;2019-12;170;2019-11;110;2019-10;110;2019-09;110;2019-08;140;2019-07;140;2019-06;70;2019-06;70
"pink adidas sweatshirt womens";LOW;44;90;1.01;100;2020-02;90;2020-01;110;2019-12;170;2019-11;170;2019-10;170;2019-09;70;2019-08;70;2019-07;70;2019-06;20;2019-05;30;2019-04;90;2019-03;90;2019-02;110;2019-01;170
"adidas sweatshirt womens sale";LOW;44;90;1.02;100;2020-04;30;2020-03;20;2020-02;70;2020-01;140;2019-12;260;2019-11;170;2019-10;140;2019-09;50;2019-08;90;2019-07;40;2019-06;40;2019-05;30;2019-04;70;2019-03;70;2019-02;70;2019-01;210
"green adidas hoodie womens";LOW;44;90;0.49;100;2020-04;50;2020-03;70;2020-02;90;2020-01;90;2019-12;140;2019-11;140;2019-10;140;2019-09;110;2019-08;30;2019-07;40;2019-06;20;2019-06;20
"ladies adidas sweatshirt";LOW;49;90;1.39;100;2020-04;30;2020-03;30;2020-02;90;2020-01;110;2019-12;210;2019-11;210;2019-10;90;2019-09;40;2019-08;30;2019-07;50;2019-06;10;2019-06;10
"adidas long hoodie";LOW;49;90;1.04;100;2020-04;50;2020-03;40;2020-02;70;2020-01;110;2019-12;210;2019-11;110;2019-10;90;2019-09;50;2019-08;90;2019-07;90;2019-06;30;2019-06;30
"adidas cut out leggings";LOW;44;90;0.93;100;2020-04;70;2020-03;110;2020-02;90;2020-01;110;2019-12;70;2019-11;70;2019-10;110;2019-09;90;2019-08;140;2019-07;90;2019-06;110;2019-06;110
"adidas striped sweatshirt";LOW;49;90;1.84;100;2020-04;70;2020-03;90;2020-02;90;2020-01;90;2019-12;170;2019-11;140;2019-10;140;2019-09;90;2019-08;90;2019-07;50;2019-06;50;2019-06;50
"adidas originals t shirt womens";LOW;41;90;1.04;100;2020-04;90;2020-03;90;2020-02;50;2020-01;90;2019-12;70;2019-11;90;2019-10;90;2019-09;90;2019-08;110;2019-07;110;2019-06;170;2019-06;170
"black adidas top";LOW;49;90;2.55;100;2020-04;70;2020-03;70;2020-02;50;2020-01;50;2019-12;70;2019-11;70;2019-10;90;2019-09;110;2019-08;90;2019-07;110;2019-06;70;2019-06;70
"ladies adidas dress";LOW;49;90;1.75;100;2020-04;70;2020-03;90;2020-02;50;2020-01;70;2019-12;30;2019-11;170;2019-10;50;2019-09;110;2019-08;140;2019-07;110;2019-06;70;2019-06;70
"black and white adidas dress";LOW;41;90;0.9;100;2020-04;90;2020-03;70;2020-02;110;2020-01;70;2019-12;30;2019-11;70;2019-10;50;2019-09;70;2019-08;110;2019-07;110;2019-06;170;2019-06;170
"adidas crop top sweatshirt";LOW;44;90;1.37;100;2020-04;70;2020-03;70;2020-02;70;2020-01;110;2019-12;170;2019-11;170;2019-10;90;2019-09;90;2019-08;70;2019-07;70;2019-06;40;2019-06;40
"adidas originals crop top";LOW;44;90;1.03;100;2020-04;90;2020-03;140;2020-02;70;2020-01;40;2019-12;50;2019-11;50;2019-10;70;2019-09;110;2019-08;90;2019-07;170;2019-06;140;2019-06;140
"ladies adidas tshirt";LOW;49;90;1.45;100;2020-04;110;2020-03;50;2020-02;50;2020-01;90;2019-12;70;2019-11;50;2019-10;70;2019-09;140;2019-08;90;2019-07;140;2019-06;110;2019-06;110
"ladies adidas hoodie";LOW;49;90;1.29;100;2020-04;30;2020-03;40;2020-02;70;2020-01;50;2019-12;260;2019-11;260;2019-10;110;2019-09;50;2019-08;70;2019-07;20;2019-06;30;2019-06;30
"gold adidas sweatshirt";LOW;49;90;0.86;100;2020-04;50;2020-03;30;2020-02;90;2020-01;110;2019-12;210;2019-11;170;2019-10;90;2019-09;90;2019-08;90;2019-07;50;2019-06;50;2019-06;50
"navy blue adidas sweater";LOW;44;90;0.75;100;2020-04;40;2020-03;50;2020-02;110;2020-01;110;2019-12;140;2019-11;140;2019-10;110;2019-09;90;2019-08;70;2019-07;50;2019-06;30;2019-06;30
"grey adidas outfit";LOW;49;90;0.58;100;2020-04;70;2020-03;50;2020-02;70;2020-01;90;2019-12;110;2019-11;90;2019-10;170;2019-09;110;2019-08;90;2019-07;70;2019-06;50;2019-06;50
"cheap adidas hoodies womens";LOW;44;90;0.6;100;2020-04;110;2020-03;40;2020-02;90;2020-01;110;2019-12;210;2019-11;140;2019-10;90;2019-09;70;2019-08;50;2019-07;70;2019-06;50;2019-06;50
"adidas women tshirt";LOW;49;90;1.7;100;2020-04;170;2020-03;70;2020-02;70;2020-01;50;2019-12;50;2019-11;50;2019-10;70;2019-09;50;2019-08;110;2019-07;140;2019-06;140;2019-06;140
"black and gold adidas sweatshirt";LOW;41;90;0.88;100;2020-04;90;2020-03;70;2020-02;140;2020-01;140;2019-12;210;2019-11;170;2019-10;110;2019-09;90;2019-08;90;2019-07;10;2019-06;20;2019-06;20
"adidas fleece hoodie women's";LOW;44;90;1.4;100;2020-04;20;2020-03;40;2020-02;70;2020-01;50;2019-12;210;2019-11;170;2019-10;170;2019-09;140;2019-08;90;2019-07;10;2019-06;10;2019-06;10
"adidas tights outfit";LOW;49;90;0.77;100;2020-04;20;2020-03;140;2020-02;70;2020-01;70;2019-12;110;2019-11;90;2019-10;70;2019-09;90;2019-08;170;2019-07;110;2019-06;70;2019-06;70
"adidas gray sweater";LOW;49;90;0.87;100;2020-04;70;2020-03;70;2020-02;110;2020-01;140;2019-12;170;2019-11;140;2019-10;170;2019-09;90;2019-08;70;2019-07;50;2019-06;30;2019-06;30
"adidas floral t shirt";LOW;44;90;1.04;100;2020-04;70;2020-03;50;2020-02;90;2020-01;70;2019-12;90;2019-11;30;2019-10;70;2019-09;90;2019-08;140;2019-07;110;2019-06;170;2019-06;170
"vintage adidas sweatshirt womens";LOW;44;70;0.94;100;2020-03;20;2020-02;40;2020-01;40;2019-12;110;2019-11;90;2019-10;70;2019-09;50;2019-08;70;2019-07;70;2019-06;70;2019-05;40;2019-04;70;2019-03;70;2019-02;50;2019-01;90
"adidas floral top";LOW;49;70;1.17;100;2020-04;90;2020-03;50;2020-02;70;2020-01;50;2019-12;40;2019-11;40;2019-10;50;2019-09;110;2019-08;140;2019-07;90;2019-06;110;2019-06;110
"adidas crop top jacket";LOW;44;70;1.04;100;2020-04;70;2020-03;70;2020-02;50;2020-01;70;2019-12;110;2019-11;90;2019-10;50;2019-09;50;2019-08;50;2019-07;110;2019-06;40;2019-06;40
"adidas originals shirt womens";LOW;43;70;1.16;97.9;2020-04;50;2020-03;50;2020-02;30;2020-01;50;2019-12;70;2019-11;30;2019-10;40;2019-09;70;2019-08;110;2019-07;140;2019-06;90;2019-06;90
"pink and black adidas hoodie";LOW;41;70;0.68;100;2020-04;40;2020-03;70;2020-02;90;2020-01;90;2019-12;210;2019-11;110;2019-10;90;2019-09;50;2019-08;50;2019-07;40;2019-06;40;2019-06;40
"burgundy adidas outfit";LOW;49;70;0.71;100;2020-04;40;2020-03;40;2020-02;90;2020-01;70;2019-12;110;2019-11;90;2019-10;70;2019-09;70;2019-08;30;2019-07;40;2019-06;50;2019-06;50
"adidas cropped hoodie grey";LOW;44;70;0.47;100;2020-04;90;2020-03;70;2020-02;70;2020-01;110;2019-12;170;2019-11;110;2019-10;90;2019-09;70;2019-08;70;2019-07;20;2019-06;30;2019-06;30
"adidas ladies tops";LOW;49;70;1.48;100;2020-04;70;2020-03;50;2020-02;50;2020-01;70;2019-12;140;2019-11;70;2019-10;50;2019-09;90;2019-08;90;2019-07;70;2019-06;70;2019-06;70
"floral adidas outfit";LOW;49;70;1.06;100;2020-04;70;2020-03;90;2020-02;30;2020-01;90;2019-12;90;2019-11;70;2019-10;70;2019-09;50;2019-08;90;2019-07;50;2019-06;70;2019-06;70
"adidas long sweatshirt";LOW;49;70;1;100;2020-04;70;2020-03;70;2020-02;70;2020-01;90;2019-12;70;2019-11;70;2019-10;70;2019-09;70;2019-08;70;2019-07;20;2019-06;20;2019-06;20
"dress adidas";LOW;56;70;1.16;100;2020-04;70;2020-03;70;2020-02;90;2020-01;90;2019-12;90;2019-11;40;2019-10;50;2019-09;50;2019-08;90;2019-07;140;2019-06;50;2019-06;50
"adidas shirts for ladies";LOW;44;70;1.53;99.6;2020-04;30;2020-03;70;2020-02;50;2020-01;40;2019-12;70;2019-11;50;2019-10;90;2019-09;50;2019-08;90;2019-07;170;2019-06;70;2019-06;70
"adidas leggings and top set";LOW;41;70;0.6;100;2020-04;90;2020-03;30;2020-02;70;2020-01;50;2019-12;90;2019-11;70;2019-10;40;2019-09;40;2019-08;110;2019-07;90;2019-06;70;2019-06;70
"adidas black and white hoodie women's";LOW;39;70;1.6;100;2020-04;30;2020-03;40;2020-02;50;2020-01;140;2019-12;140;2019-11;110;2019-10;90;2019-09;50;2019-08;50;2019-07;30;2019-06;20;2019-06;20
"adidas flower sweatshirt";LOW;49;70;0.51;100;2020-04;40;2020-03;40;2020-02;70;2020-01;70;2019-12;140;2019-11;110;2019-10;140;2019-09;50;2019-08;70;2019-07;30;2019-06;50;2019-06;50
"maroon adidas sweater";LOW;49;70;0.35;100;2020-04;30;2020-03;40;2020-02;50;2020-01;110;2019-12;140;2019-11;140;2019-10;110;2019-09;90;2019-08;40;2019-07;20;2019-06;20;2019-06;20
"black adidas sweater womens";LOW;44;70;1.11;100;2020-04;30;2020-03;50;2020-02;70;2020-01;70;2019-12;140;2019-11;140;2019-10;70;2019-09;90;2019-08;70;2019-07;110;2019-06;50;2019-06;50
"blue adidas sweatshirt womens";LOW;44;50;0.64;100;2020-03;30;2020-02;90;2020-01;70;2019-12;110;2019-11;90;2019-10;40;2019-09;40;2019-08;20;2019-07;20;2019-06;30;2019-05;20;2019-04;10;2019-03;70;2019-02;30;2019-01;30
"womens red adidas sweatshirt";LOW;44;50;0.89;100;2020-01;50;2019-12;140;2019-11;110;2019-10;50;2019-09;40;2019-08;50;2019-07;30;2019-06;10;2019-05;10;2019-04;20;2019-03;140;2019-02;20;2019-01;10
"black and white adidas crop top";LOW;39;50;0.63;100;2020-04;70;2020-03;50;2020-02;50;2020-01;40;2019-12;50;2019-11;30;2019-10;20;2019-09;20;2019-08;40;2019-07;90;2019-06;90;2019-06;90
"adidas floral jumpsuit";LOW;49;50;0.91;100;2020-04;40;2020-03;70;2020-02;50;2020-01;50;2019-12;40;2019-11;50;2019-10;40;2019-09;50;2019-08;110;2019-07;50;2019-06;40;2019-06;40
"adidas floral jogging suit";LOW;44;50;0.5;100;2020-04;50;2020-03;30;2020-02;40;2020-01;140;2019-12;30;2019-11;40;2019-10;30;2019-09;30;2019-08;40;2019-07;40;2019-06;50;2019-06;50
"adidas female jacket";LOW;49;50;1.5;100;2020-04;20;2020-03;30;2020-02;30;2020-01;40;2019-12;70;2019-11;90;2019-10;70;2019-09;50;2019-08;70;2019-07;20;2019-06;20;2019-06;20
"adidas pink sweatsuit";LOW;49;50;1.16;100;2020-04;30;2020-03;30;2020-02;40;2020-01;50;2019-12;110;2019-11;90;2019-10;70;2019-09;70;2019-08;70;2019-07;20;2019-06;10;2019-06;10
"black and white adidas shirt womens";LOW;39;50;1.2;100;2020-04;50;2020-03;50;2020-02;20;2020-01;30;2019-12;40;2019-11;30;2019-10;40;2019-09;30;2019-08;70;2019-07;70;2019-06;50;2019-06;50
"white adidas top womens";LOW;44;50;1.24;100;2020-04;50;2020-03;50;2020-02;50;2020-01;40;2019-12;40;2019-11;40;2019-10;50;2019-09;30;2019-08;20;2019-07;70;2019-06;50;2019-06;50
"adidas tights suit";LOW;32;50;0.88;50;2020-04;10;2020-03;70;2020-02;50;2020-01;110;2019-12;70;2019-11;40;2019-10;30;2019-09;40;2019-08;90;2019-07;70;2019-06;50;2019-06;50
"grey adidas crop top";LOW;44;50;1.64;100;2020-04;70;2020-03;50;2020-02;50;2020-01;50;2019-12;50;2019-11;30;2019-10;30;2019-09;70;2019-08;50;2019-07;140;2019-06;30;2019-06;30
"adidas track top womens";LOW;44;50;2.43;100;2020-04;70;2020-03;20;2020-02;30;2020-01;50;2019-12;90;2019-11;40;2019-10;40;2019-09;30;2019-08;70;2019-07;30;2019-06;30;2019-06;30
"grey adidas shirt womens";LOW;44;50;1.07;100;2020-04;50;2020-03;30;2020-02;50;2020-01;50;2019-12;50;2019-11;40;2019-10;30;2019-09;70;2019-08;70;2019-07;90;2019-06;90;2019-06;90
"adidas green sweatshirt womens";LOW;41;40;0.22;89.5;2020-04;20;2020-03;40;2020-02;30;2020-01;40;2019-12;90;2019-11;70;2019-10;70;2019-09;50;2019-08;30;2019-07;10;2019-06;10;2019-05;20;2019-04;20;2019-03;50;2019-02;40;2019-01;50
"green adidas sweatshirt womens";LOW;44;40;1.11;100;2020-03;40;2020-02;30;2020-01;40;2019-12;90;2019-11;70;2019-10;70;2019-09;50;2019-08;30;2019-07;10;2019-06;10;2019-05;20;2019-04;20;2019-03;50;2019-02;40;2019-01;50
"adidas womens cropped sweatshirt";LOW;44;40;0.85;100;2020-04;50;2020-03;30;2020-02;20;2020-01;50;2019-12;70;2019-11;40;2019-10;70;2019-09;20;2019-08;30;2019-07;50;2019-06;30;2019-05;40;2019-04;30;2019-03;90;2019-02;110;2019-01;140
"grey adidas jacket womens";LOW;44;40;0.97;100;2020-04;20;2020-03;50;2020-02;20;2020-01;40;2019-12;70;2019-11;50;2019-10;70;2019-09;40;2019-08;30;2019-07;70;2019-06;30;2019-06;30
"womens green adidas hoodie";LOW;44;40;0.95;100;2020-04;30;2020-03;30;2020-02;40;2020-01;90;2019-12;110;2019-11;70;2019-10;30;2019-09;10;2019-08;10;2019-07;20;2019-06;10;2019-06;10
"new adidas sweater";LOW;49;40;1.36;100;2020-04;10;2020-03;10;2020-02;10;2020-01;30;2019-12;90;2019-11;70;2019-10;30;2019-09;70;2019-08;40;2019-07;30;2019-06;20;2019-06;20
"adidas floral sweater";LOW;49;40;0.67;100;2020-04;20;2020-03;40;2020-02;30;2020-01;20;2019-12;50;2019-11;50;2019-10;40;2019-09;50;2019-08;20;2019-07;40;2019-06;20;2019-06;20
"white adidas sweater womens";LOW;44;40;0.7;100;2020-04;20;2020-03;40;2020-02;30;2020-01;40;2019-12;50;2019-11;70;2019-10;90;2019-09;30;2019-08;40;2019-07;20;2019-06;10;2019-06;10
"burgundy adidas hoodie womens";LOW;41;40;4.29;90.2;2020-04;20;2020-03;20;2020-02;50;2020-01;50;2019-12;90;2019-11;70;2019-10;70;2019-09;40;2019-08;20;2019-07;20;2019-06;10;2019-06;10
"adidas blue hoodie women's";LOW;44;40;0.75;100;2020-04;30;2020-03;20;2020-02;50;2020-01;40;2019-12;90;2019-11;70;2019-10;30;2019-09;50;2019-08;20;2019-07;20;2019-06;20;2019-06;20
"adidas floral shirt womens";LOW;44;40;0.54;100;2020-04;40;2020-03;70;2020-02;40;2020-01;50;2019-12;50;2019-11;20;2019-10;40;2019-09;40;2019-08;40;2019-07;40;2019-06;20;2019-06;20
"pink and white adidas outfit";LOW;40;40;1.02;97.2;2020-04;40;2020-03;40;2020-02;70;2020-01;70;2019-12;40;2019-11;40;2019-10;40;2019-09;40;2019-08;40;2019-07;30;2019-06;20;2019-06;20
"adidas sportswear for ladies";LOW;44;40;1.06;100;2020-04;20;2020-03;20;2020-02;30;2020-01;30;2019-12;40;2019-11;50;2019-10;30;2019-09;50;2019-08;30;2019-07;50;2019-06;90;2019-06;90
"women's pink adidas sweatsuit";LOW;44;40;1.04;100;2020-04;20;2020-03;50;2020-02;70;2020-01;50;2019-12;70;2019-11;50;2019-10;70;2019-09;10;2019-08;20;2019-07;10;2019-06;10;2019-06;10
"pink and white adidas jacket";LOW;41;40;1.77;100;2020-04;30;2020-03;50;2020-02;70;2020-01;40;2019-12;50;2019-11;50;2019-10;40;2019-09;90;2019-08;50;2019-07;30;2019-06;10;2019-06;10
"maroon adidas hoodie womens";LOW;44;40;1.12;100;2020-04;20;2020-03;30;2020-02;30;2020-01;50;2019-12;90;2019-11;70;2019-10;50;2019-09;40;2019-08;70;2019-07;20;2019-06;10;2019-06;10
"adidas originals t shirt dress";LOW;41;40;1.33;100;2020-04;50;2020-03;110;2020-02;50;2020-01;40;2019-12;10;2019-11;10;2019-10;10;2019-09;20;2019-08;40;2019-07;30;2019-06;20;2019-06;20
"adidas full tracksuit womens";LOW;41;40;2.15;91.6;2020-04;20;2020-03;30;2020-02;50;2020-01;40;2019-12;70;2019-11;70;2019-10;40;2019-09;30;2019-08;50;2019-07;40;2019-06;40;2019-06;40
"adidas track jacket women's floral";LOW;41;40;1.43;100;2020-04;30;2020-03;40;2020-02;20;2020-01;70;2019-12;30;2019-11;50;2019-10;20;2019-09;50;2019-08;70;2019-07;10;2019-06;50;2019-06;50
"adidas crop top set";LOW;44;40;0.48;100;2020-04;90;2020-03;20;2020-02;50;2020-01;30;2019-12;30;2019-11;40;2019-10;20;2019-09;20;2019-08;40;2019-07;30;2019-06;50;2019-06;50
"female adidas hoodie";LOW;49;40;1.36;100;2020-04;20;2020-03;30;2020-02;30;2020-01;50;2019-12;110;2019-11;50;2019-10;40;2019-09;30;2019-08;50;2019-07;20;2019-06;20;2019-06;20
"black and gold adidas sweater";LOW;41;40;1.74;100;2020-04;20;2020-03;50;2020-02;70;2020-01;70;2019-12;50;2019-11;70;2019-10;50;2019-09;50;2019-08;30;2019-07;10;2019-06;20;2019-06;20
"maroon adidas jacket womens";LOW;44;40;0.63;100;2020-04;20;2020-03;20;2020-02;30;2020-01;50;2019-12;40;2019-11;50;2019-10;40;2019-09;50;2019-08;70;2019-07;40;2019-06;30;2019-06;30
"adidas pink floral jacket";LOW;44;40;0.36;100;2020-04;50;2020-03;40;2020-02;40;2020-01;40;2019-12;50;2019-11;30;2019-10;50;2019-09;40;2019-08;40;2019-07;50;2019-06;50;2019-06;50
"grey and black adidas sweatshirt";LOW;41;40;1.17;100;2020-04;30;2020-03;30;2020-02;40;2020-01;30;2019-12;70;2019-11;70;2019-10;70;2019-09;40;2019-08;20;2019-07;30;2019-06;10;2019-06;10
"adidas sheer top";LOW;49;40;0.59;100;2020-04;110;2020-03;110;2020-02;50;2020-01;20;2019-12;10;2019-11;10;2019-10;10;2019-09;50;2019-08;20;2019-07;50;2019-06;30;2019-06;30
"adidas red sweatshirt womens";LOW;44;30;0.73;100;2020-04;30;2020-03;20;2020-02;20;2020-01;40;2019-12;70;2019-11;50;2019-10;50;2019-09;20;2019-08;30;2019-07;20;2019-06;20;2019-05;10;2019-04;20;2019-03;70;2019-02;50;2019-01;50
"adidas trefoil crew sweatshirt womens";LOW;41;30;0.53;100;2020-04;20;2020-03;20;2020-02;30;2020-01;20;2019-12;70;2019-11;20;2019-10;30;2019-09;40;2019-08;10;2019-07;10;2019-06;10;2019-05;30;2019-04;20;2019-03;40;2019-02;50;2019-01;70
"adidas 3 stripe sweatshirt womens";LOW;41;30;0.97;100;2020-04;10;2020-03;10;2020-02;10;2020-01;30;2019-12;40;2019-11;30;2019-10;40;2019-09;50;2019-08;50;2019-07;30;2019-06;10;2019-05;70;2019-04;20;2019-03;40;2019-02;50;2019-01;50
"adidas trefoil crew neck sweatshirt womens";LOW;5;30;0;0;2020-04;10;2020-03;10;2020-02;20;2020-01;40;2019-12;70;2019-11;30;2019-10;20;2019-09;20;2019-08;40;2019-07;20;2019-06;20;2019-05;50;2019-04;40;2019-03;70;2019-02;50;2019-01;90
"yellow adidas sweatshirt womens";LOW;44;30;0.29;100;2020-02;30;2020-01;50;2019-12;50;2019-11;40;2019-10;30;2019-09;30;2019-08;20;2019-07;20;2019-06;10;2019-05;10;2019-04;20;2019-03;50;2019-02;40;2019-01;70
"gray adidas sweatshirt womens";LOW;44;30;0;100;2020-03;10;2020-02;40;2020-01;30;2019-12;50;2019-11;70;2019-10;40;2019-09;10;2019-08;10;2019-07;20;2019-06;20;2019-05;20;2019-04;20;2019-03;40;2019-02;20;2019-01;50
"kohls womens adidas sweatshirt";LOW;44;30;0.28;100;2020-03;10;2020-02;20;2020-01;20;2019-12;210;2019-11;70;2019-10;20;2019-09;10;2019-08;10;2019-07;10;2019-06;10;2019-05;10;2019-04;10;2019-03;10;2019-02;10;2019-01;40
"womens oversized adidas sweatshirt";LOW;44;30;0.46;100;2020-01;20;2019-12;50;2019-11;40;2019-10;40;2019-09;10;2019-08;10;2019-07;10;2019-06;10;2019-05;10;2019-04;10;2019-03;50;2019-02;70;2019-01;50
"adidas oversized sweatshirt womens";LOW;44;30;1.13;100;2020-04;30;2020-03;20;2020-02;40;2020-01;50;2019-12;70;2019-11;40;2019-10;50;2019-09;10;2019-08;40;2019-07;20;2019-06;10;2019-05;20;2019-04;30;2019-03;110;2019-02;40;2019-01;110
"kohls adidas sweatshirt womens";LOW;44;30;0.72;100;2020-03;10;2020-02;20;2020-01;50;2019-12;90;2019-11;50;2019-10;70;2019-09;30;2019-08;20;2019-07;10;2019-06;10;2019-05;10;2019-04;10;2019-03;20;2019-02;20;2019-01;70
"adidas sweatshirt dress womens";LOW;44;30;0.71;100;2020-04;50;2020-03;20;2020-02;40;2020-01;70;2019-12;50;2019-11;50;2019-10;50;2019-09;0;2019-08;0;2019-07;0;2019-06;0;2019-05;0;2019-04;0;2019-03;0;2019-02;0;2019-01;0;2018-12;0
"adidas outfit womens";LOW;49;30;1.39;100;2020-04;20;2020-03;20;2020-02;20;2020-01;20;2019-12;50;2019-11;50;2019-10;30;2019-09;20;2019-08;30;2019-07;40;2019-06;20;2019-06;20
"womens grey adidas sweatshirt";LOW;44;30;0.68;100;2020-04;20;2020-03;10;2020-02;20;2020-01;20;2019-12;50;2019-11;90;2019-10;20;2019-09;30;2019-08;20;2019-07;10;2019-06;10;2019-06;10
"adidas sweaters for ladies";LOW;44;30;1.01;100;2020-04;20;2020-03;10;2020-02;30;2020-01;30;2019-12;70;2019-11;50;2019-10;50;2019-09;30;2019-08;10;2019-07;20;2019-06;20;2019-06;20
"black and white adidas top";LOW;34;30;0.75;78.6;2020-04;30;2020-03;40;2020-02;30;2020-01;10;2019-12;30;2019-11;10;2019-10;20;2019-09;30;2019-08;30;2019-07;30;2019-06;30;2019-06;30
"adidas long hoodie women's";LOW;44;30;0.7;100;2020-04;40;2020-03;10;2020-02;40;2020-01;50;2019-12;70;2019-11;30;2019-10;40;2019-09;20;2019-08;30;2019-07;30;2019-06;10;2019-06;10
"adidas black crop sweatshirt";LOW;44;30;1.4;100;2020-04;20;2020-03;50;2020-02;30;2020-01;20;2019-12;70;2019-11;40;2019-10;40;2019-09;10;2019-08;30;2019-07;20;2019-06;20;2019-06;20
"adidas rose gold jacket";LOW;44;30;1.13;100;2020-04;10;2020-03;10;2020-02;20;2020-01;20;2019-12;50;2019-11;30;2019-10;20;2019-09;40;2019-08;40;2019-07;30;2019-06;30;2019-06;30
"adidas shorts and top set";LOW;41;30;0.02;100;2020-04;20;2020-03;10;2020-02;10;2020-01;20;2019-12;20;2019-11;30;2019-10;20;2019-09;40;2019-08;70;2019-07;50;2019-06;50;2019-06;50
"adidas floral shorts set";LOW;44;30;1.01;100;2020-04;30;2020-03;90;2020-02;20;2020-01;20;2019-12;10;2019-11;10;2019-10;10;2019-09;20;2019-08;50;2019-07;50;2019-06;30;2019-06;30
"burgundy adidas jacket womens";LOW;40;30;0.44;87.5;2020-04;10;2020-03;10;2020-02;20;2020-01;50;2019-12;40;2019-11;30;2019-10;40;2019-09;20;2019-08;30;2019-07;10;2019-06;40;2019-06;40
"adidas jacket and leggings";LOW;44;30;1.65;100;2020-04;10;2020-03;10;2020-02;40;2020-01;40;2019-12;50;2019-11;40;2019-10;20;2019-09;20;2019-08;30;2019-07;30;2019-06;10;2019-06;10
"rose gold adidas sweatshirt";LOW;44;30;2.07;100;2020-04;20;2020-03;10;2020-02;40;2020-01;40;2019-12;70;2019-11;70;2019-10;20;2019-09;30;2019-08;40;2019-07;20;2019-06;10;2019-06;10
"black adidas top womens";LOW;44;30;1.04;100;2020-04;40;2020-03;20;2020-02;30;2020-01;30;2019-12;20;2019-11;10;2019-10;10;2019-09;20;2019-08;30;2019-07;20;2019-06;10;2019-06;10
"adidas sweat jacket women's";LOW;40;30;4.15;88.1;2020-04;10;2020-03;20;2020-02;20;2020-01;20;2019-12;50;2019-11;70;2019-10;50;2019-09;40;2019-08;20;2019-07;10;2019-06;10;2019-06;10
"adidas sweatshirt womens pink";LOW;44;20;0.73;100;2020-04;30;2020-03;10;2020-02;10;2020-01;20;2019-12;40;2019-11;40;2019-10;20;2019-09;20;2019-08;10;2019-07;10;2019-06;10;2019-05;10;2019-04;10;2019-03;10;2019-02;30;2019-01;50
"womens adidas oversized sweatshirt";LOW;41;20;1.77;90.9;2020-01;10;2019-12;40;2019-11;10;2019-10;10;2019-09;10;2019-08;10;2019-07;10;2019-06;10;2019-05;30;2019-04;20;2019-03;20;2019-02;50;2019-01;70
"adidas sweatshirt womens amazon";LOW;27;20;0;50;2020-04;10;2020-03;10;2020-02;30;2020-01;10;2019-12;30;2019-11;50;2019-10;30;2019-09;30;2019-08;10;2019-07;10;2019-06;10;2019-05;10;2019-04;10;2019-03;10;2019-02;10;2019-01;10
"olive green adidas sweatshirt womens";LOW;41;20;0.17;100;2020-04;10;2020-03;10;2020-02;30;2020-01;20;2019-12;50;2019-11;40;2019-10;10;2019-09;20;2019-08;10;2019-07;10;2019-06;10;2019-05;0;2019-04;10;2019-03;10;2019-02;30;2019-01;10
"adidas pink sweatshirt womens";LOW;44;20;1.03;100;2020-04;10;2020-03;20;2020-02;10;2020-01;20;2019-12;50;2019-11;40;2019-10;30;2019-09;20;2019-08;10;2019-07;30;2019-06;10;2019-05;10;2019-04;10;2019-03;10;2019-02;20;2019-01;20
"womens adidas trefoil cut out sweatshirt";LOW;5;20;0;0;2020-01;0;2019-12;10;2019-11;10;2019-10;0;2019-09;10;2019-08;10;2019-07;10;2019-06;10;2019-05;10;2019-04;50;2019-03;40;2019-02;110;2019-01;90
"womens adidas 3 stripe sweatshirt";LOW;41;20;0.74;100;2020-03;10;2020-02;20;2020-01;10;2019-12;40;2019-11;20;2019-10;40;2019-09;10;2019-08;10;2019-07;10;2019-06;10;2019-05;10;2019-04;30;2019-03;90;2019-02;90;2019-01;210
"adidas camo sweatshirt womens";LOW;44;20;0.51;100;2020-04;30;2020-03;20;2020-02;30;2020-01;20;2019-12;50;2019-11;40;2019-10;10;2019-09;10;2019-08;10;2019-07;10;2019-06;10;2019-05;10;2019-04;10;2019-03;10;2019-02;20;2019-01;50
"womens green adidas sweatshirt";LOW;39;20;1.04;86.4;2020-03;20;2020-02;40;2020-01;50;2019-12;40;2019-11;30;2019-10;30;2019-09;20;2019-08;10;2019-07;20;2019-06;10;2019-05;10;2019-04;10;2019-03;20;2019-02;30;2019-01;20
"adidas maroon hoodie womens";LOW;43;20;0.67;96.2;2020-04;30;2020-03;10;2020-02;20;2020-01;30;2019-12;40;2019-11;30;2019-10;20;2019-09;30;2019-08;30;2019-07;10;2019-06;30;2019-06;30
"womens black adidas sweater";LOW;44;20;0.48;100;2020-04;20;2020-03;20;2020-02;10;2020-01;20;2019-12;40;2019-11;50;2019-10;30;2019-09;30;2019-08;10;2019-07;10;2019-06;10;2019-06;10
"adidas sweats and sweater";LOW;44;20;0.59;100;2020-04;20;2020-03;20;2020-02;20;2020-01;10;2019-12;70;2019-11;40;2019-10;40;2019-09;20;2019-08;20;2019-07;10;2019-06;10;2019-06;10
"womens grey adidas jacket";LOW;41;20;1.46;90.9;2020-04;10;2020-03;10;2020-02;10;2020-01;10;2019-12;20;2019-11;10;2019-10;40;2019-09;10;2019-08;10;2019-07;20;2019-06;20;2019-06;20
"grey adidas sweater womens";LOW;33;20;0;66.7;2020-04;10;2020-03;10;2020-02;10;2020-01;70;2019-12;10;2019-11;40;2019-10;20;2019-09;10;2019-08;10;2019-07;10;2019-06;10;2019-06;10
"adidas sweater gray";LOW;49;20;0;100;2020-04;10;2020-03;20;2020-02;20;2020-01;10;2019-12;30;2019-11;50;2019-10;20;2019-09;10;2019-08;20;2019-07;10;2019-06;10;2019-06;10
"adidas leggings and top";LOW;40;20;0.82;87.5;2020-04;10;2020-03;20;2020-02;30;2020-01;20;2019-12;20;2019-11;20;2019-10;30;2019-09;20;2019-08;40;2019-07;20;2019-06;10;2019-06;10
"adidas leggings and hoodie";LOW;35;20;1.07;71.4;2020-04;10;2020-03;10;2020-02;20;2020-01;10;2019-12;30;2019-11;40;2019-10;20;2019-09;10;2019-08;10;2019-07;10;2019-06;10;2019-06;10
"adidas burgundy hoodie women's";LOW;44;20;0.53;100;2020-04;10;2020-03;10;2020-02;10;2020-01;30;2019-12;30;2019-11;40;2019-10;20;2019-09;10;2019-08;40;2019-07;10;2019-06;10;2019-06;10
"adidas tracksuit women's";LOW;49;20;1.54;100;2020-04;70;2020-03;30;2020-02;10;2020-01;20;2019-12;20;2019-11;10;2019-10;10;2019-09;10;2019-08;10;2019-07;10;2019-06;10;2019-06;10
"girls adidas jumper";LOW;49;20;1.16;100;2020-04;20;2020-03;10;2020-02;10;2020-01;10;2019-12;20;2019-11;30;2019-10;10;2019-09;10;2019-08;10;2019-07;10;2019-06;10;2019-06;10
"adidas three stripes tee womens";LOW;41;20;0.86;100;2020-04;50;2020-03;20;2020-02;10;2020-01;10;2019-12;30;2019-11;10;2019-10;10;2019-09;10;2019-08;20;2019-07;30;2019-06;30;2019-06;30
"adidas hoodie women red";LOW;44;20;1.19;100;2020-04;10;2020-03;10;2020-02;30;2020-01;30;2019-12;50;2019-11;30;2019-10;20;2019-09;40;2019-08;20;2019-07;20;2019-06;10;2019-06;10
"gold adidas sweater";LOW;49;20;0.21;100;2020-04;20;2020-03;30;2020-02;40;2020-01;40;2019-12;50;2019-11;30;2019-10;10;2019-09;20;2019-08;10;2019-07;10;2019-06;10;2019-06;10
"white womens adidas hoodie";LOW;44;20;0.6;100;2020-04;20;2020-03;10;2020-02;20;2020-01;30;2019-12;50;2019-11;30;2019-10;30;2019-09;20;2019-08;20;2019-07;10;2019-06;10;2019-06;10
"adidas tshirt womens";LOW;49;20;1.84;100;2020-04;30;2020-03;10;2020-02;10;2020-01;30;2019-12;20;2019-11;10;2019-10;30;2019-09;20;2019-08;20;2019-07;30;2019-06;40;2019-06;40
"adidas original sweater women's";LOW;44;20;1.21;100;2020-04;30;2020-03;10;2020-02;10;2020-01;30;2019-12;30;2019-11;10;2019-10;30;2019-09;50;2019-08;10;2019-07;20;2019-06;10;2019-06;10
"adidas leggings and shirt";LOW;44;20;1.38;100;2020-04;30;2020-03;30;2020-02;10;2020-01;10;2019-12;10;2019-11;10;2019-10;10;2019-09;20;2019-08;20;2019-07;20;2019-06;30;2019-06;30
"ladies adidas trainers";LOW;49;20;1.12;100;2020-04;20;2020-03;20;2020-02;50;2020-01;10;2019-12;20;2019-11;40;2019-10;20;2019-09;20;2019-08;20;2019-07;10;2019-06;10;2019-06;10
"adidas leggings suit";LOW;49;20;0.99;100;2020-04;10;2020-03;20;2020-02;40;2020-01;20;2019-12;20;2019-11;30;2019-10;40;2019-09;20;2019-08;20;2019-07;10;2019-06;40;2019-06;40
"cheap adidas sweatshirts women's";LOW;44;20;1.21;100;2020-04;10;2020-03;10;2020-02;10;2020-01;20;2019-12;20;2019-11;10;2019-10;20;2019-09;30;2019-08;10;2019-07;10;2019-06;10;2019-06;10
"adidas crop top and shorts";LOW;41;20;0.48;100;2020-04;110;2020-03;20;2020-02;10;2020-01;20;2019-12;10;2019-11;20;2019-10;10;2019-09;10;2019-08;20;2019-07;20;2019-06;20;2019-06;20
"adidas originals womens clothing";LOW;44;20;1.53;100;2020-04;30;2020-03;40;2020-02;10;2020-01;10;2019-12;10;2019-11;40;2019-10;10;2019-09;10;2019-08;10;2019-07;40;2019-06;50;2019-06;50
"adidas long sweater";LOW;36;20;0;62.5;2020-04;10;2020-03;30;2020-02;20;2020-01;20;2019-12;30;2019-11;70;2019-10;10;2019-09;40;2019-08;10;2019-07;10;2019-06;10;2019-06;10
"womens adidas floral sweatshirt";LOW;44;20;0.79;100;2020-04;10;2020-03;10;2020-02;20;2020-01;20;2019-12;40;2019-11;40;2019-10;20;2019-09;10;2019-08;10;2019-07;20;2019-06;10;2019-06;10
"black adidas jumper";LOW;43;20;0;81.8;2020-04;10;2020-03;10;2020-02;10;2020-01;10;2019-12;20;2019-11;30;2019-10;30;2019-09;10;2019-08;40;2019-07;10;2019-06;10;2019-06;10
"adidas skirt suit";LOW;49;20;0.65;100;2020-04;10;2020-03;20;2020-02;30;2020-01;40;2019-12;20;2019-11;10;2019-10;30;2019-09;10;2019-08;20;2019-07;20;2019-06;20;2019-06;20
"red adidas jumper";LOW;49;20;0;100;2020-04;10;2020-03;10;2020-02;20;2020-01;20;2019-12;20;2019-11;40;2019-10;50;2019-09;20;2019-08;20;2019-07;20;2019-06;30;2019-06;30
"striped adidas sweatshirt womens";LOW;44;10;0;100;2020-01;10;2019-12;10;2019-11;10;2019-10;10;2019-09;10;2019-08;10;2019-07;10;2019-06;0;2019-05;10;2019-04;10;2019-03;10;2019-02;20;2019-01;10
"adidas three stripe sweatshirt womens";LOW;41;10;0.4;100;2020-04;10;2020-03;20;2020-02;10;2020-01;10;2019-12;10;2019-11;10;2019-10;20;2019-09;10;2019-08;10;2019-07;10;2019-06;10;2019-05;10;2019-04;10;2019-03;10;2019-02;20;2019-01;20
"womens adidas leopard sweatshirt";LOW;44;10;0.54;100;2020-01;70;2019-12;30;2019-11;40;2019-10;0;2019-09;0;2019-08;0;2019-07;0;2019-06;0;2019-05;0;2019-04;0;2019-03;0;2019-02;0;2019-01;0
"adidas sweatshirt trefoil womens";LOW;11;10;0;0;2020-04;0;2020-03;0;2020-02;10;2020-01;0;2019-12;10;2019-11;0;2019-10;0;2019-09;0;2019-08;0;2019-07;0;2019-06;0;2019-05;10;2019-04;10;2019-03;10;2019-02;10;2019-01;10
"oversized adidas sweatshirt womens";LOW;44;10;0.98;100;2020-04;10;2020-03;10;2020-02;10;2020-01;10;2019-12;20;2019-11;20;2019-10;10;2019-09;10;2019-08;10;2019-07;10;2019-06;10;2019-05;10;2019-04;10;2019-03;20;2019-02;20;2019-01;20
"adidas sweatshirt black womens";LOW;44;10;1.37;100;2020-04;10;2020-03;10;2020-02;10;2020-01;10;2019-12;20;2019-11;10;2019-10;20;2019-09;10;2019-08;10;2019-07;10;2019-06;10;2019-05;10;2019-04;10;2019-03;10;2019-02;20;2019-01;30
"adidas womens trefoil sweatshirt";LOW;44;10;0;100;2020-04;10;2020-03;10;2020-02;10;2020-01;10;2019-12;10;2019-11;10;2019-10;10;2019-09;10;2019-08;0;2019-07;0;2019-06;10;2019-05;10;2019-04;10;2019-03;10;2019-02;10;2019-01;10
"adidas white crew neck sweatshirt womens";LOW;39;10;0.74;100;2020-04;20;2020-03;10;2020-02;10;2020-01;10;2019-12;10;2019-11;0;2019-10;0;2019-09;0;2019-08;0;2019-07;0;2019-06;0;2019-05;0;2019-04;0;2019-03;0;2019-02;0;2019-01;0
"adidas originals trefoil sweatshirt womens";LOW;40;10;2.35;96.7;2020-04;10;2020-03;10;2020-02;10;2020-01;10;2019-12;10;2019-11;10;2019-10;70;2019-09;10;2019-08;10;2019-07;10;2019-06;10;2019-05;10;2019-04;10;2019-03;10;2019-02;40;2019-01;50
"womens adidas sweatshirt pink";LOW;44;10;3.85;100;2020-01;20;2019-12;30;2019-11;20;2019-10;10;2019-09;10;2019-08;20;2019-07;10;2019-06;0;2019-05;10;2019-04;10;2019-03;30;2019-02;10;2019-01;10
"adidas palmeston sweatshirt womens";LOW;11;10;0;0;2020-04;0;2020-03;0;2020-02;0;2020-01;0;2019-12;0;2019-11;0;2019-10;10;2019-09;0;2019-08;0;2019-07;0;2019-06;0;2019-05;10;2019-04;10;2019-03;0;2019-02;10;2019-01;0
"adidas eqt sweatshirt womens";LOW;11;10;0;0;2020-04;0;2020-03;10;2020-02;0;2020-01;0;2019-12;0;2019-11;10;2019-10;10;2019-09;0;2019-08;10;2019-07;0;2019-06;10;2019-05;10;2019-04;10;2019-03;10;2019-02;20;2019-01;20
"adidas vintage sweatshirt womens";LOW;44;10;0;100;2020-04;10;2020-03;10;2020-02;10;2020-01;0;2019-12;10;2019-11;10;2019-10;10;2019-09;10;2019-08;0;2019-07;0;2019-06;0;2019-05;0;2019-04;10;2019-03;10;2019-02;10;2019-01;10
"pink womens adidas sweatshirt";LOW;44;10;0.27;100;2020-02;10;2020-01;10;2019-12;10;2019-11;10;2019-10;10;2019-09;10;2019-08;10;2019-07;10;2019-06;10;2019-05;10;2019-04;10;2019-03;10;2019-02;10;2019-01;10
"adidas adibreak womens sweatshirt";LOW;11;10;0;0;2020-04;0;2020-03;0;2020-02;0;2020-01;0;2019-12;10;2019-11;0;2019-10;0;2019-09;10;2019-08;0;2019-07;0;2019-06;0;2019-05;0;2019-04;10;2019-03;10;2019-02;10;2019-01;10
"adidas half zip womens crop sweatshirt";LOW;39;10;0;100;2020-04;10;2020-03;10;2020-02;10;2020-01;10;2019-12;0;2019-11;0;2019-10;0;2019-09;0;2019-08;0;2019-07;0;2019-06;0;2019-05;0;2019-04;0;2019-03;0;2019-02;0
"adidas blue sweatshirt womens";LOW;44;10;1.82;100;2020-04;10;2020-03;10;2020-02;20;2020-01;20;2019-12;20;2019-11;20;2019-10;20;2019-09;10;2019-08;10;2019-07;20;2019-06;10;2019-05;10;2019-04;10;2019-03;10;2019-02;10;2019-01;20
"adidas sweatshirt grey womens";LOW;44;10;0.26;100;2020-04;10;2020-03;10;2020-02;10;2020-01;10;2019-12;10;2019-11;10;2019-10;10;2019-09;10;2019-08;10;2019-07;10;2019-06;10;2019-05;10;2019-04;10;2019-03;10;2019-02;10;2019-01;20
"amazon adidas womens sweatshirt";LOW;11;10;0;0;2020-04;0;2020-03;10;2020-02;10;2020-01;10;2019-12;20;2019-11;10;2019-10;10;2019-09;10;2019-08;10;2019-07;10;2019-06;0;2019-05;10;2019-04;0;2019-03;10;2019-02;10;2019-01;30
"adidas female jumpsuit";LOW;42;10;0.43;80;2020-04;10;2020-03;10;2020-02;10;2020-01;10;2019-12;20;2019-11;20;2019-10;10;2019-09;10;2019-08;40;2019-07;10;2019-06;10;2019-06;10
"ladies grey adidas hoodie";LOW;11;10;0;0;2020-04;0;2020-03;10;2020-02;0;2020-01;0;2019-12;10;2019-11;10;2019-10;0;2019-09;0;2019-08;0;2019-07;0;2019-06;0;2019-06;0
"adidas crop top sweatsuit";LOW;44;10;1.02;100;2020-04;10;2020-03;20;2020-02;20;2020-01;10;2019-12;20;2019-11;20;2019-10;10;2019-09;10;2019-08;10;2019-07;10;2019-06;10;2019-06;10
"adidas sweater female";LOW;49;10;0;100;2020-04;20;2020-03;10;2020-02;10;2020-01;10;2019-12;20;2019-11;10;2019-10;10;2019-09;10;2019-08;0;2019-07;0;2019-06;20;2019-06;20
"adidas 3 stripe jumper women's";LOW;41;10;0;100;2020-04;10;2020-03;10;2020-02;10;2020-01;10;2019-12;0;2019-11;10;2019-10;10;2019-09;0;2019-08;10;2019-07;10;2019-06;10;2019-06;10
"buy adidas sweatshirt";LOW;16;10;0;0;2020-04;10;2020-03;10;2020-02;10;2020-01;10;2019-12;20;2019-11;10;2019-10;10;2019-09;10;2019-08;10;2019-07;0;2019-06;10;2019-06;10
"adidas women's crew neck sweater";LOW;41;10;0;100;2020-04;10;2020-03;10;2020-02;10;2020-01;10;2019-12;20;2019-11;10;2019-10;10;2019-09;10;2019-08;10;2019-07;10;2019-06;10;2019-06;10
"adidas cropped jumper";LOW;38;10;0;66.7;2020-04;10;2020-03;10;2020-02;10;2020-01;10;2019-12;10;2019-11;10;2019-10;10;2019-09;10;2019-08;10;2019-07;10;2019-06;10;2019-06;10
"adidas leggings and crop top";LOW;37;10;0.66;87.5;2020-04;10;2020-03;10;2020-02;10;2020-01;10;2019-12;10;2019-11;10;2019-10;10;2019-09;10;2019-08;20;2019-07;10;2019-06;10;2019-06;10
"adidas belly top jumper";LOW;11;10;0;0;2020-04;0;2020-03;0;2020-02;10;2020-01;0;2019-12;0;2019-11;0;2019-10;0;2019-09;0;2019-08;0;2019-07;0;2019-06;10;2019-06;10
"adidas originals grey hoodie women's";LOW;7;10;0;0;2020-04;10;2020-03;0;2020-02;10;2020-01;10;2019-12;10;2019-11;10;2019-10;10;2019-09;10;2019-08;10;2019-07;10;2019-06;10;2019-06;10
"adidas sweatshirt grey and white";LOW;18;10;0;33.3;2020-04;10;2020-03;10;2020-02;10;2020-01;10;2019-12;10;2019-11;10;2019-10;10;2019-09;10;2019-08;10;2019-07;10;2019-06;10;2019-06;10
"ladies black adidas jumper";LOW;11;10;0;0;2020-04;0;2020-03;0;2020-02;10;2020-01;0;2019-12;0;2019-11;0;2019-10;0;2019-09;0;2019-08;0;2019-07;0;2019-06;0;2019-06;0
"ladies adidas originals hoodie";LOW;11;10;0;0;2020-04;0;2020-03;0;2020-02;10;2020-01;10;2019-12;10;2019-11;10;2019-10;10;2019-09;10;2019-08;10;2019-07;0;2019-06;10;2019-06;10
"grey adidas jumper";LOW;32;10;0;48.6;2020-04;10;2020-03;10;2020-02;10;2020-01;10;2019-12;10;2019-11;10;2019-10;10;2019-09;10;2019-08;20;2019-07;20;2019-06;10;2019-06;10
"grey cropped adidas hoodie";LOW;44;10;0.13;100;2020-04;10;2020-03;10;2020-02;10;2020-01;10;2019-12;10;2019-11;10;2019-10;10;2019-09;10;2019-08;10;2019-07;10;2019-06;20;2019-06;20
"grey adidas jumper womens";LOW;44;10;0;100;2020-04;10;2020-03;10;2020-02;10;2020-01;10;2019-12;10;2019-11;10;2019-10;10;2019-09;0;2019-08;0;2019-07;0;2019-06;10;2019-06;10
"ladies adidas crop top";LOW;36;10;0.14;75;2020-04;10;2020-03;10;2020-02;10;2020-01;10;2019-12;10;2019-11;10;2019-10;10;2019-09;10;2019-08;0;2019-07;10;2019-06;10;2019-06;10
"womens adidas grey sweatshirt";LOW;44;10;0.73;100;2020-04;10;2020-03;10;2020-02;10;2020-01;20;2019-12;20;2019-11;20;2019-10;40;2019-09;20;2019-08;10;2019-07;10;2019-06;10;2019-06;10
"adidas jumper black womens";LOW;11;10;0;0;2020-04;0;2020-03;0;2020-02;0;2020-01;0;2019-12;10;2019-11;0;2019-10;0;2019-09;0;2019-08;0;2019-07;0;2019-06;0;2019-06;0
"ladies grey adidas sweatshirt";LOW;11;10;0;0;2020-04;0;2020-03;10;2020-02;10;2020-01;10;2019-12;10;2019-11;10;2019-10;0;2019-09;0;2019-08;0;2019-07;0;2019-06;0;2019-06;0
"womens grey adidas jumper";LOW;44;10;0.59;100;2020-04;10;2020-03;10;2020-02;0;2020-01;0;2019-12;10;2019-11;10;2019-10;0;2019-09;10;2019-08;10;2019-07;0;2019-06;0;2019-06;0
"adidas running crop hoodie";LOW;11;10;0;0;2020-04;10;2020-03;10;2020-02;0;2020-01;0;2019-12;10;2019-11;10;2019-10;10;2019-09;0;2019-08;0;2019-07;0;2019-06;10;2019-06;10
"blue adidas jumper";LOW;39;10;0;71.4;2020-04;10;2020-03;10;2020-02;10;2020-01;10;2019-12;10;2019-11;10;2019-10;10;2019-09;10;2019-08;10;2019-07;10;2019-06;10;2019-06;10
"navy adidas hoodie womens";LOW;11;10;0;0;2020-04;10;2020-03;10;2020-02;10;2020-01;10;2019-12;10;2019-11;10;2019-10;10;2019-09;10;2019-08;10;2019-07;10;2019-06;0;2019-06;0
"black and white womens adidas hoodie";LOW;5;10;0;0;2020-04;0;2020-03;10;2020-02;0;2020-01;0;2019-12;10;2019-11;10;2019-10;0;2019-09;10;2019-08;0;2019-07;0;2019-06;0;2019-06;0
"ladies adidas jumper";LOW;37;10;0.21;64.3;2020-04;10;2020-03;10;2020-02;10;2020-01;10;2019-12;10;2019-11;20;2019-10;10;2019-09;10;2019-08;10;2019-07;10;2019-06;10;2019-06;10
"womens adidas white sweatshirt";LOW;44;10;2.31;100;2020-04;20;2020-03;10;2020-02;10;2020-01;10;2019-12;30;2019-11;20;2019-10;10;2019-09;20;2019-08;10;2019-07;10;2019-06;10;2019-06;10
"adidas bomber jacket ladies";LOW;44;10;3.26;100;2020-04;10;2020-03;10;2020-02;10;2020-01;10;2019-12;30;2019-11;10;2019-10;30;2019-09;10;2019-08;10;2019-07;0;2019-06;10;2019-06;10
"adidas grey jumper womens";LOW;11;10;0;0;2020-04;0;2020-03;10;2020-02;0;2020-01;0;2019-12;10;2019-11;0;2019-10;0;2019-09;10;2019-08;10;2019-07;0;2019-06;0;2019-06;0
"adidas grey and white sweatshirt";LOW;7;10;0;0;2020-04;10;2020-03;10;2020-02;10;2020-01;10;2019-12;10;2019-11;10;2019-10;0;2019-09;0;2019-08;0;2019-07;10;2019-06;0;2019-06;0
"white adidas jumper womens";LOW;11;10;0;0;2020-04;10;2020-03;10;2020-02;10;2020-01;10;2019-12;10;2019-11;10;2019-10;0;2019-09;10;2019-08;10;2019-07;10;2019-06;10;2019-06;10
"white adidas jumper";LOW;41;10;0.86;75;2020-04;10;2020-03;10;2020-02;10;2020-01;10;2019-12;20;2019-11;20;2019-10;10;2019-09;10;2019-08;10;2019-07;20;2019-06;10;2019-06;10
"adidas zipper womens";LOW;49;10;0.55;100;2020-04;10;2020-03;10;2020-02;10;2020-01;10;2019-12;10;2019-11;10;2019-10;10;2019-09;10;2019-08;10;2019-07;10;2019-06;10;2019-06;10
"black and white adidas jumper";LOW;27;10;0.21;60;2020-04;10;2020-03;10;2020-02;10;2020-01;10;2019-12;10;2019-11;20;2019-10;10;2019-09;10;2019-08;10;2019-07;10;2019-06;10;2019-06;10
"womens black adidas jumper";LOW;44;10;1.34;100;2020-04;10;2020-03;10;2020-02;10;2020-01;50;2019-12;20;2019-11;10;2019-10;20;2019-09;10;2019-08;10;2019-07;10;2019-06;10;2019-06;10
"adidas superstar hoodie women's";LOW;11;10;0;0;2020-04;0;2020-03;0;2020-02;0;2020-01;0;2019-12;10;2019-11;10;2019-10;0;2019-09;10;2019-08;10;2019-07;0;2019-06;0;2019-06;0
"adidas floral jumper";LOW;16;10;0;0;2020-04;0;2020-03;10;2020-02;0;2020-01;10;2019-12;0;2019-11;10;2019-10;10;2019-09;0;2019-08;0;2019-07;10;2019-06;0;2019-06;0
"pink adidas jumper";LOW;49;10;0.51;100;2020-04;10;2020-03;10;2020-02;10;2020-01;10;2019-12;10;2019-11;10;2019-10;10;2019-09;40;2019-08;10;2019-07;20;2019-06;10;2019-06;10
"adidas trefoil sweatshirt ladies";LOW;11;10;0;0;2020-04;0;2020-03;0;2020-02;0;2020-01;0;2019-12;10;2019-11;0;2019-10;0;2019-09;0;2019-08;0;2019-07;0;2019-06;0;2019-06;0
"adidas crop vest";LOW;49;10;0;100;2020-04;10;2020-03;10;2020-02;10;2020-01;10;2019-12;10;2019-11;10;2019-10;0;2019-09;0;2019-08;10;2019-07;10;2019-06;10;2019-06;10
"adidas jumper dress";LOW;49;10;0.13;100;2020-04;10;2020-03;10;2020-02;10;2020-01;10;2019-12;10;2019-11;10;2019-10;30;2019-09;10;2019-08;10;2019-07;10;2019-06;20;2019-06;20
"grey and gold adidas sweatshirt";LOW;7;10;0;0;2020-04;0;2020-03;0;2020-02;0;2020-01;10;2019-12;10;2019-11;10;2019-10;10;2019-09;0;2019-08;0;2019-07;10;2019-06;10;2019-06;10
"adidas originals jumper womens";LOW;44;10;0;100;2020-04;10;2020-03;10;2020-02;10;2020-01;10;2019-12;10;2019-11;10;2019-10;10;2019-09;10;2019-08;0;2019-07;10;2019-06;10;2019-06;10
"ladies black adidas hoodie";LOW;11;10;0;0;2020-04;0;2020-03;0;2020-02;10;2020-01;10;2019-12;10;2019-11;10;2019-10;10;2019-09;10;2019-08;0;2019-07;0;2019-06;0;2019-06;0
"ladies red adidas jacket";LOW;44;10;0.87;100;2020-04;10;2020-03;10;2020-02;10;2020-01;10;2019-12;10;2019-11;0;2019-10;10;2019-09;10;2019-08;10;2019-07;0;2019-06;10;2019-06;10
"adidas camo tracksuit womens";LOW;44;10;1.63;100;2020-04;10;2020-03;20;2020-02;20;2020-01;30;2019-12;10;2019-11;10;2019-10;20;2019-09;10;2019-08;10;2019-07;10;2019-06;10;2019-06;10
"womens grey adidas top";LOW;44;10;0.46;100;2020-04;10;2020-03;10;2020-02;10;2020-01;0;2019-12;10;2019-11;0;2019-10;10;2019-09;0;2019-08;0;2019-07;0;2019-06;0;2019-06;0
"black and white adidas sweatshirt womens";LOW;35;10;1.37;90;2020-04;10;2020-03;10;2020-02;40;2020-01;10;2019-12;10;2019-11;10;2019-10;20;2019-09;10;2019-08;10;2019-07;10;2019-06;0;2019-06;0
"adidas sweatshirt dame";LOW;16;10;0;0;2020-04;0;2020-03;10;2020-02;10;2020-01;0;2019-12;0;2019-11;0;2019-10;0;2019-09;10;2019-08;0;2019-07;10;2019-06;10;2019-06;10
"black adidas womens jumper";LOW;11;10;0;0;2020-04;0;2020-03;0;2020-02;0;2020-01;0;2019-12;10;2019-11;0;2019-10;0;2019-09;0;2019-08;0;2019-07;0;2019-06;0;2019-06;0
"khaki adidas jumper";LOW;16;10;0;0;2020-04;0;2020-03;10;2020-02;0;2020-01;0;2019-12;0;2019-11;10;2019-10;0;2019-09;0;2019-08;0;2019-07;0;2019-06;0;2019-06;0
"womens adidas sweatshirt grey";LOW;27;10;0;50;2020-04;10;2020-03;10;2020-02;10;2020-01;10;2019-12;10;2019-11;10;2019-10;0;2019-09;0;2019-08;10;2019-07;0;2019-06;10;2019-06;10
"adidas ladies black hoodie";LOW;11;10;0;0;2020-04;0;2020-03;0;2020-02;10;2020-01;0;2019-12;0;2019-11;10;2019-10;10;2019-09;0;2019-08;0;2019-07;0;2019-06;0;2019-06;0
"adidas dress top";LOW;49;10;1.05;100;2020-04;10;2020-03;0;2020-02;0;2020-01;10;2019-12;10;2019-11;10;2019-10;40;2019-09;10;2019-08;10;2019-07;10;2019-06;10;2019-06;10
"adidas flower top";LOW;45;10;0;87.5;2020-04;10;2020-03;10;2020-02;10;2020-01;10;2019-12;10;2019-11;10;2019-10;10;2019-09;10;2019-08;20;2019-07;10;2019-06;10;2019-06;10
"adidas the brand with the 3 stripes sweater";LOW;25;10;2.49;66.7;2020-04;10;2020-03;10;2020-02;20;2020-01;20;2019-12;10;2019-11;10;2019-10;10;2019-09;10;2019-08;10;2019-07;10;2019-06;10;2019-06;10
"adidas sweatshirt womens white";LOW;44;10;1.28;100;2020-04;10;2020-03;10;2020-02;20;2020-01;10;2019-12;30;2019-11;20;2019-10;20;2019-09;10;2019-08;10;2019-07;10;2019-06;0;2019-06;0
"ladies black adidas sweatshirt";LOW;11;10;0;0;2020-04;0;2020-03;0;2020-02;0;2020-01;0;2019-12;0;2019-11;10;2019-10;10;2019-09;0;2019-08;0;2019-07;10;2019-06;0;2019-06;0
"women's red adidas sweatshirt";LOW;44;10;3.54;100;2020-04;10;2020-03;10;2020-02;0;2020-01;10;2019-12;10;2019-11;40;2019-10;10;2019-09;10;2019-08;10;2019-07;10;2019-06;0;2019-06;0
"blue adidas jumper women's";LOW;11;10;0;0;2020-04;0;2020-03;10;2020-02;0;2020-01;10;2019-12;10;2019-11;10;2019-10;30;2019-09;10;2019-08;0;2019-07;0;2019-06;10;2019-06;10
"ladies black adidas jacket";LOW;39;10;0;85.7;2020-04;10;2020-03;10;2020-02;10;2020-01;10;2019-12;10;2019-11;10;2019-10;20;2019-09;10;2019-08;20;2019-07;0;2019-06;0;2019-06;0
"female adidas jumpers";LOW;49;10;0;100;2020-04;10;2020-03;0;2020-02;10;2020-01;10;2019-12;0;2019-11;10;2019-10;10;2019-09;0;2019-08;10;2019-07;0;2019-06;10;2019-06;10
"adidas floral leggings and jacket";LOW;7;10;0;0;2020-04;10;2020-03;10;2020-02;10;2020-01;10;2019-12;10;2019-11;10;2019-10;10;2019-09;10;2019-08;10;2019-07;10;2019-06;10;2019-06;10
"adidas womens zip up hoodie";LOW;41;10;0.14;100;2020-04;10;2020-03;10;2020-02;10;2020-01;10;2019-12;20;2019-11;50;2019-10;10;2019-09;10;2019-08;10;2019-07;10;2019-06;10;2019-06;10
"black womens adidas jumper";LOW;44;10;0.29;100;2020-04;10;2020-03;0;2020-02;0;2020-01;0;2019-12;0;2019-11;0;2019-10;0;2019-09;0;2019-08;0;2019-07;0;2019-06;10;2019-06;10
"adidas originals black hoodie womens";LOW;7;10;0;0;2020-04;0;2020-03;10;2020-02;20;2020-01;10;2019-12;30;2019-11;20;2019-10;10;2019-09;10;2019-08;10;2019-07;10;2019-06;0;2019-06;0
"adidas original 3 stripe t shirt womens";LOW;4;10;0;0;2020-04;0;2020-03;10;2020-02;0;2020-01;10;2019-12;10;2019-11;10;2019-10;0;2019-09;0;2019-08;10;2019-07;10;2019-06;0;2019-06;0
"adidas jumper womens grey";LOW;44;10;0;100;2020-04;10;2020-03;10;2020-02;0;2020-01;0;2019-12;0;2019-11;0;2019-10;0;2019-09;0;2019-08;0;2019-07;0;2019-06;0;2019-06;0
"adidas originals pink shirt";LOW;44;10;0.49;100;2020-04;10;2020-03;10;2020-02;10;2020-01;10;2019-12;10;2019-11;40;2019-10;20;2019-09;10;2019-08;10;2019-07;20;2019-06;10;2019-06;10
"adidas female sweatshirt";LOW;49;10;0;100;2020-04;10;2020-03;10;2020-02;10;2020-01;10;2019-12;10;2019-11;10;2019-10;20;2019-09;10;2019-08;10;2019-07;10;2019-06;10;2019-06;10
"adidas long hoodie ladies";LOW;11;10;0;0;2020-04;10;2020-03;0;2020-02;0;2020-01;0;2019-12;0;2019-11;0;2019-10;0;2019-09;0;2019-08;0;2019-07;10;2019-06;10;2019-06;10
"adidas women's trefoil sweater";LOW;44;10;0;100;2020-04;10;2020-03;0;2020-02;0;2020-01;10;2019-12;0;2019-11;0;2019-10;10;2019-09;10;2019-08;0;2019-07;0;2019-06;10;2019-06;10
"womens burgundy adidas jacket";LOW;44;10;0.43;100;2020-04;10;2020-03;10;2020-02;10;2020-01;20;2019-12;20;2019-11;10;2019-10;30;2019-09;10;2019-08;20;2019-07;10;2019-06;10;2019-06;10
"adidas matching top and leggings";LOW;36;10;1.62;85.7;2020-04;10;2020-03;10;2020-02;10;2020-01;10;2019-12;10;2019-11;10;2019-10;10;2019-09;10;2019-08;10;2019-07;10;2019-06;20;2019-06;20
"grey adidas womens sweatshirt";LOW;44;10;0;100;2020-04;10;2020-03;10;2020-02;10;2020-01;10;2019-12;10;2019-11;10;2019-10;10;2019-09;10;2019-08;10;2019-07;10;2019-06;0;2019-06;0
"ladies floral adidas tracksuit";LOW;44;10;0.25;100;2020-04;10;2020-03;10;2020-02;0;2020-01;10;2019-12;10;2019-11;10;2019-10;10;2019-09;10;2019-08;20;2019-07;30;2019-06;10;2019-06;10
"adidas matching leggings and top";LOW;41;10;1.43;100;2020-04;10;2020-03;10;2020-02;10;2020-01;10;2019-12;10;2019-11;10;2019-10;10;2019-09;20;2019-08;10;2019-07;10;2019-06;10;2019-06;10
"adidas blue floral sweatshirt";LOW;11;10;0;0;2020-04;10;2020-03;0;2020-02;10;2020-01;10;2019-12;20;2019-11;10;2019-10;10;2019-09;10;2019-08;10;2019-07;10;2019-06;10;2019-06;10
"adidas gold sweater";LOW;49;10;0;100;2020-04;10;2020-03;10;2020-02;20;2020-01;40;2019-12;40;2019-11;20;2019-10;10;2019-09;10;2019-08;10;2019-07;10;2019-06;10;2019-06;10
"womens adidas shorts and jacket";LOW;7;10;0;0;2020-04;10;2020-03;0;2020-02;0;2020-01;10;2019-12;10;2019-11;10;2019-10;10;2019-09;10;2019-08;10;2019-07;10;2019-06;10;2019-06;10
"adidas originals crew neck sweatshirt women's";LOW;5;10;0;0;2020-04;0;2020-03;0;2020-02;0;2020-01;10;2019-12;0;2019-11;10;2019-10;10;2019-09;10;2019-08;10;2019-07;0;2019-06;10;2019-06;10
"womens khaki adidas sweatshirt";LOW;11;10;0;0;2020-04;0;2020-03;0;2020-02;0;2020-01;0;2019-12;10;2019-11;10;2019-10;10;2019-09;0;2019-08;10;2019-07;10;2019-06;10;2019-06;10
"adidas leggings and matching top";LOW;7;10;0;0;2020-04;10;2020-03;10;2020-02;10;2020-01;0;2019-12;10;2019-11;20;2019-10;10;2019-09;0;2019-08;10;2019-07;10;2019-06;10;2019-06;10
"adidas ladies zip hoodie";LOW;44;10;0.16;100;2020-04;10;2020-03;10;2020-02;20;2020-01;10;2019-12;10;2019-11;10;2019-10;10;2019-09;20;2019-08;10;2019-07;0;2019-06;0;2019-06;0
"ladies white adidas hoodie";LOW;11;10;0;0;2020-04;0;2020-03;10;2020-02;10;2020-01;10;2019-12;10;2019-11;10;2019-10;10;2019-09;0;2019-08;10;2019-07;10;2019-06;10;2019-06;10
"adidas leggings and jumper";LOW;44;10;0;100;2020-04;10;2020-03;0;2020-02;0;2020-01;0;2019-12;0;2019-11;10;2019-10;0;2019-09;0;2019-08;10;2019-07;10;2019-06;0;2019-06;0
"ladies pink adidas hoodie";LOW;11;10;0;0;2020-04;0;2020-03;0;2020-02;10;2020-01;0;2019-12;10;2019-11;20;2019-10;30;2019-09;10;2019-08;0;2019-07;10;2019-06;10;2019-06;10
"womens black adidas zip hoodie";LOW;41;10;0;100;2020-04;10;2020-03;0;2020-02;10;2020-01;0;2019-12;10;2019-11;10;2019-10;10;2019-09;10;2019-08;10;2019-07;10;2019-06;10;2019-06;10
"adidas originals women sweatshirt";LOW;44;10;0;100;2020-04;10;2020-03;10;2020-02;10;2020-01;10;2019-12;10;2019-11;10;2019-10;10;2019-09;10;2019-08;10;2019-07;10;2019-06;0;2019-06;0
"womens white adidas jumper";LOW;11;10;0;0;2020-04;0;2020-03;10;2020-02;0;2020-01;0;2019-12;10;2019-11;0;2019-10;0;2019-09;0;2019-08;0;2019-07;0;2019-06;10;2019-06;10
"crop top adidas sweat suit";LOW;7;10;0;0;2020-04;0;2020-03;0;2020-02;0;2020-01;0;2019-12;10;2019-11;10;2019-10;10;2019-09;0;2019-08;10;2019-07;0;2019-06;0;2019-06;0
"adidas womens 3 stripe sweatshirt";LOW;41;10;0.63;100;2020-04;10;2020-03;10;2020-02;10;2020-01;10;2019-12;40;2019-11;10;2019-10;10;2019-09;10;2019-08;10;2019-07;10;2019-06;10;2019-06;10
"adidas leggings and sweatshirt";LOW;38;10;0.83;83.3;2020-04;10;2020-03;10;2020-02;10;2020-01;20;2019-12;30;2019-11;30;2019-10;10;2019-09;10;2019-08;20;2019-07;10;2019-06;10;2019-06;10
"adidas rose hoodie womens";LOW;11;10;0;0;2020-04;0;2020-03;0;2020-02;0;2020-01;0;2019-12;10;2019-11;0;2019-10;0;2019-09;10;2019-08;10;2019-07;10;2019-06;0;2019-06;0
"womens adidas crop jumper";LOW;11;10;0;0;2020-04;0;2020-03;10;2020-02;0;2020-01;0;2019-12;10;2019-11;10;2019-10;0;2019-09;10;2019-08;0;2019-07;10;2019-06;0;2019-06;0
"adidas khaki sweatshirt womens";LOW;11;10;0;0;2020-04;0;2020-03;0;2020-02;0;2020-01;0;2019-12;0;2019-11;0;2019-10;0;2019-09;0;2019-08;0;2019-07;10;2019-06;0;2019-06;0
"adidas womens grey sweatshirt";LOW;33;10;0.41;66.7;2020-04;10;2020-03;10;2020-02;10;2020-01;10;2019-12;10;2019-11;0;2019-10;10;2019-09;0;2019-08;10;2019-07;0;2019-06;10;2019-06;10
"adidas long jumper";LOW;16;10;0;0;2020-04;0;2020-03;10;2020-02;10;2020-01;10;2019-12;10;2019-11;0;2019-10;10;2019-09;10;2019-08;10;2019-07;0;2019-06;10;2019-06;10
"adidas top crop";LOW;16;10;0;0;2020-04;0;2020-03;0;2020-02;10;2020-01;10;2019-12;10;2019-11;10;2019-10;10;2019-09;20;2019-08;10;2019-07;10;2019-06;10;2019-06;10
"khaki adidas sweatshirt womens";LOW;11;10;0;0;2020-04;0;2020-03;0;2020-02;0;2020-01;0;2019-12;0;2019-11;0;2019-10;10;2019-09;10;2019-08;0;2019-07;0;2019-06;10;2019-06;10
"adidas crop top jumper";LOW;11;10;0;0;2020-04;0;2020-03;10;2020-02;0;2020-01;0;2019-12;0;2019-11;0;2019-10;10;2019-09;0;2019-08;0;2019-07;10;2019-06;10;2019-06;10
"adidas womens sweatshirt ebay";LOW;11;0;0;0;2020-04;0;2020-03;0;2020-02;0;2020-01;0;2019-12;0;2019-11;0;2019-10;0;2019-09;0;2019-08;0;2019-07;0;2019-06;0;2019-05;0;2019-04;0;2019-03;0;2019-02;0
"adidas mock neck sweatshirt womens";LOW;7;0;0;0;2020-04;0;2020-03;0;2020-02;0;2020-01;0;2019-12;0;2019-11;0;2019-10;0;2019-09;0;2019-08;0;2019-07;0;2019-06;0;2019-05;0;2019-04;0;2019-03;0;2019-02;0
"adidas originals r.y.v. crew sweatshirt womens";LOW;5;0;0;0;2020-04;0;2020-03;0;2020-02;0;2020-01;0;2019-12;0;2019-11;0;2019-10;0;2019-09;0;2019-08;0;2019-07;0;2019-06;0;2019-05;0;2019-04;0
"womens adidas sweatshirt canada";LOW;11;0;0;0;2020-02;0;2020-01;0;2019-12;0;2019-11;0;2019-10;0;2019-09;0;2019-08;0;2019-07;0;2019-06;0;2019-05;0;2019-04;0;2019-03;0
"adidas originals crew sweatshirt womens";LOW;7;0;0;0;2020-04;0;2020-03;0;2020-02;0;2020-01;0;2019-12;0;2019-11;0;2019-10;0;2019-09;0;2019-08;0;2019-07;0;2019-06;0;2019-05;0;2019-04;0;2019-03;0;2019-02;0
"adidas colour block sweatshirt womens";LOW;7;0;0;0;2020-04;0;2020-03;0;2020-02;0;2020-01;0;2019-12;0;2019-11;0;2019-10;0;2019-09;0;2019-08;0;2019-07;0;2019-06;0;2019-05;0;2019-04;0;2019-03;0;2019-02;0
"adidas womens shoes";LOW;70;135000;1.25;100;2020-04;135000;2020-03;110000;2020-02;135000;2020-01;135000;2019-12;201000;2019-11;165000;2019-10;110000;2019-09;110000;2019-08;165000;2019-07;135000;2019-06;110000;2019-06;110000
"adidas hoodie";LOW;77;49500;1.04;100;2020-04;33100;2020-03;33100;2020-02;49500;2020-01;49500;2019-12;110000;2019-11;110000;2019-10;74000;2019-09;60500;2019-08;49500;2019-07;33100;2019-06;22200;2019-06;22200
"adidas women";LOW;77;40500;1.07;100;2020-04;33100;2020-03;27100;2020-02;33100;2020-01;40500;2019-12;60500;2019-11;40500;2019-10;33100;2019-09;33100;2019-08;40500;2019-07;40500;2019-06;33100;2019-06;33100
"adidas t shirt";LOW;70;33100;1.26;100;2020-04;27100;2020-03;22200;2020-02;22200;2020-01;22200;2019-12;33100;2019-11;33100;2019-10;27100;2019-09;33100;2019-08;49500;2019-07;49500;2019-06;40500;2019-06;40500
"adidas leggings";LOW;77;27100;1.73;100;2020-04;27100;2020-03;22200;2020-02;22200;2020-01;27100;2019-12;33100;2019-11;33100;2019-10;22200;2019-09;22200;2019-08;27100;2019-07;22200;2019-06;18100;2019-06;18100
"adidas sweatshirt";LOW;77;27100;1.39;100;2020-04;14800;2020-03;14800;2020-02;22200;2020-01;22200;2019-12;60500;2019-11;49500;2019-10;33100;2019-09;27100;2019-08;22200;2019-07;14800;2019-06;12100;2019-06;12100
"adidas dress";LOW;77;22200;0.84;100;2020-04;18100;2020-03;18100;2020-02;18100;2020-01;14800;2019-12;12100;2019-11;12100;2019-10;14800;2019-09;22200;2019-08;27100;2019-07;27100;2019-06;33100;2019-06;33100
"adidas joggers women";LOW;69;18100;1.34;100;2020-04;14800;2020-03;12100;2020-02;14800;2020-01;18100;2019-12;33100;2019-11;27100;2019-10;18100;2019-09;14800;2019-08;14800;2019-07;9900;2019-06;8100;2019-06;8100
"adidas pants women";LOW;69;18100;1.3;100;2020-04;14800;2020-03;12100;2020-02;18100;2020-01;18100;2019-12;33100;2019-11;27100;2019-10;22200;2019-09;18100;2019-08;18100;2019-07;14800;2019-06;12100;2019-06;12100
"adidas sweater";LOW;74;14800;1.12;100;2020-04;6600;2020-03;8100;2020-02;12100;2020-01;12100;2019-12;27100;2019-11;22200;2019-10;18100;2019-09;14800;2019-08;12100;2019-07;8100;2019-06;8100;2019-06;8100
"adidas clothing";LOW;74;14800;0.82;100;2020-04;12100;2020-03;9900;2020-02;9900;2020-01;9900;2019-12;18100;2019-11;18100;2019-10;14800;2019-09;12100;2019-08;14800;2019-07;14800;2019-06;12100;2019-06;12100
"adidas outfit";LOW;74;14800;1.17;100;2020-04;12100;2020-03;12100;2020-02;14800;2020-01;14800;2019-12;22200;2019-11;22200;2019-10;18100;2019-09;14800;2019-08;18100;2019-07;18100;2019-06;14800;2019-06;14800
"adidas tracksuit women";LOW;66;14800;1.31;100;2020-04;14800;2020-03;12100;2020-02;14800;2020-01;14800;2019-12;27100;2019-11;22200;2019-10;18100;2019-09;12100;2019-08;9900;2019-07;8100;2019-06;8100;2019-06;8100
"pink adidas";LOW;71;12100;1.02;100;2020-04;9900;2020-03;9900;2020-02;12100;2020-01;12100;2019-12;14800;2019-11;12100;2019-10;12100;2019-09;12100;2019-08;18100;2019-07;14800;2019-06;9900;2019-06;9900
"adidas jumpsuit";LOW;71;12100;0.98;100;2020-04;8100;2020-03;8100;2020-02;9900;2020-01;12100;2019-12;18100;2019-11;14800;2019-10;14800;2019-09;12100;2019-08;9900;2019-07;9900;2019-06;8100;2019-06;8100
"adidas hoodie women";LOW;64;12100;1.54;100;2020-04;8100;2020-03;6600;2020-02;9900;2020-01;12100;2019-12;27100;2019-11;22200;2019-10;14800;2019-09;9900;2019-08;9900;2019-07;6600;2019-06;5400;2019-06;5400
"adidas sweatpants women";LOW;62;9900;1.32;100;2020-04;9900;2020-03;8100;2020-02;9900;2020-01;12100;2019-12;22200;2019-11;22200;2019-10;12100;2019-09;9900;2019-08;8100;2019-07;6600;2019-06;4400;2019-06;4400
"pink adidas shoes";LOW;62;9900;1.01;100;2020-04;9900;2020-03;8100;2020-02;9900;2020-01;9900;2019-12;12100;2019-11;9900;2019-10;8100;2019-09;9900;2019-08;12100;2019-07;12100;2019-06;9900;2019-06;9900
"adidas women clothing";LOW;62;9900;1.34;100;2020-04;9900;2020-03;8100;2020-02;8100;2020-01;9900;2019-12;12100;2019-11;12100;2019-10;9900;2019-09;9900;2019-08;12100;2019-07;9900;2019-06;12100;2019-06;12100
"adidas jacket women";LOW;62;9900;1.24;100;2020-04;6600;2020-03;6600;2020-02;8100;2020-01;8100;2019-12;14800;2019-11;14800;2019-10;12100;2019-09;9900;2019-08;9900;2019-07;8100;2019-06;6600;2019-06;6600
"white adidas hoodie";LOW;57;5400;0.95;100;2020-04;2900;2020-03;4400;2020-02;5400;2020-01;6600;2019-12;12100;2019-11;9900;2019-10;6600;2019-09;4400;2019-08;4400;2019-07;2900;2019-06;2400;2019-06;2400
"black adidas hoodie";LOW;57;5400;1.24;100;2020-04;3600;2020-03;4400;2020-02;5400;2020-01;6600;2019-12;9900;2019-11;9900;2019-10;6600;2019-09;5400;2019-08;5400;2019-07;3600;2019-06;2900;2019-06;2900
"adidas cropped hoodie";LOW;57;5400;1.05;100;2020-04;5400;2020-03;4400;2020-02;4400;2020-01;5400;2019-12;9900;2019-11;6600;2019-10;5400;2019-09;4400;2019-08;4400;2019-07;4400;2019-06;2900;2019-06;2900
"adidas sweatsuit women";LOW;57;5400;1.09;100;2020-04;5400;2020-03;4400;2020-02;5400;2020-01;6600;2019-12;14800;2019-11;9900;2019-10;8100;2019-09;5400;2019-08;3600;2019-07;1900;2019-06;1900;2019-06;1900
"adidas skirt";LOW;64;5400;0.85;100;2020-04;4400;2020-03;4400;2020-02;4400;2020-01;3600;2019-12;3600;2019-11;3600;2019-10;4400;2019-09;5400;2019-08;6600;2019-07;6600;2019-06;8100;2019-06;8100
"adidas high tops women";LOW;52;5400;0.72;100;2020-04;4400;2020-03;4400;2020-02;5400;2020-01;5400;2019-12;6600;2019-11;5400;2019-10;5400;2019-09;5400;2019-08;5400;2019-07;5400;2019-06;3600;2019-06;3600
"grey adidas hoodie";LOW;55;4400;1.01;100;2020-04;4400;2020-03;4400;2020-02;5400;2020-01;5400;2019-12;8100;2019-11;8100;2019-10;5400;2019-09;3600;2019-08;3600;2019-07;2900;2019-06;2400;2019-06;2400
"womens black adidas";LOW;55;4400;1.22;100;2020-04;3600;2020-03;4400;2020-02;5400;2020-01;5400;2019-12;6600;2019-11;5400;2019-10;4400;2019-09;4400;2019-08;5400;2019-07;4400;2019-06;2900;2019-06;2900
"adidas women dress";LOW;54;3600;0.94;100;2020-04;4400;2020-03;3600;2020-02;4400;2020-01;3600;2019-12;2400;2019-11;1600;2019-10;1900;2019-09;2400;2019-08;3600;2019-07;3600;2019-06;3600;2019-06;3600
"adidas t shirt women";LOW;49;3600;1.44;100;2020-04;3600;2020-03;2400;2020-02;2400;2020-01;2400;2019-12;2400;2019-11;2400;2019-10;2900;2019-09;3600;2019-08;4400;2019-07;5400;2019-06;4400;2019-06;4400
"adidas jumpsuit women";LOW;54;3600;1.07;100;2020-04;2900;2020-03;3600;2020-02;4400;2020-01;4400;2019-12;6600;2019-11;5400;2019-10;5400;2019-09;3600;2019-08;2400;2019-07;2900;2019-06;3600;2019-06;3600
"pink adidas hoodie";LOW;53;2900;0.98;100;2020-04;2400;2020-03;2400;2020-02;2900;2020-01;3600;2019-12;6600;2019-11;5400;2019-10;3600;2019-09;2400;2019-08;2400;2019-07;1900;2019-06;1600;2019-06;1600
"adidas windbreaker womens";LOW;53;2900;1.17;100;2020-04;1900;2020-03;1900;2020-02;1900;2020-01;1900;2019-12;4400;2019-11;2900;2019-10;2900;2019-09;2900;2019-08;3600;2019-07;2400;2019-06;2400;2019-06;2400
"adidas set";LOW;60;2400;1.06;100;2020-04;2400;2020-03;1600;2020-02;1900;2020-01;1900;2019-12;3600;2019-11;2900;2019-10;2900;2019-09;1900;2019-08;1900;2019-07;1900;2019-06;1900;2019-06;1900
"girls adidas hoodie";LOW;53;2400;1.17;100;2020-04;880;2020-03;1300;2020-02;1600;2020-01;1900;2019-12;6600;2019-11;5400;2019-10;2900;2019-09;1900;2019-08;2400;2019-07;1600;2019-06;1000;2019-06;1000
"adidas set women";LOW;53;2400;1.15;100;2020-04;3600;2020-03;2400;2020-02;2400;2020-01;2400;2019-12;4400;2019-11;2900;2019-10;2900;2019-09;2400;2019-08;1900;2019-07;1600;2019-06;1900;2019-06;1900
"adidas originals womens";LOW;53;2400;0.87;100;2020-04;1900;2020-03;1900;2020-02;2400;2020-01;2900;2019-12;2900;2019-11;2400;2019-10;1900;2019-09;1900;2019-08;2400;2019-07;2400;2019-06;1900;2019-06;1900
"adidas sweater women";LOW;53;2400;1.44;100;2020-04;1600;2020-03;1600;2020-02;2400;2020-01;2900;2019-12;5400;2019-11;4400;2019-10;3600;2019-09;2400;2019-08;2400;2019-07;1600;2019-06;1300;2019-06;1300
"womens adidas tracksuit sets";LOW;48;2400;1.29;100;2020-04;1900;2020-03;1600;2020-02;1900;2020-01;2400;2019-12;5400;2019-11;4400;2019-10;2900;2019-09;1900;2019-08;1900;2019-07;1600;2019-06;1600;2019-06;1600
"adidas track jacket women";LOW;47;1900;1.1;100;2020-04;1600;2020-03;1300;2020-02;1600;2020-01;1900;2019-12;2900;2019-11;2400;2019-10;2400;2019-09;1900;2019-08;1600;2019-07;1300;2019-06;1300;2019-06;1300
"pink adidas tracksuit";LOW;52;1900;1.03;100;2020-04;1900;2020-03;1600;2020-02;2400;2020-01;2400;2019-12;3600;2019-11;2400;2019-10;2900;2019-09;2400;2019-08;1600;2019-07;1600;2019-06;1600;2019-06;1600
"red adidas womens";LOW;52;1900;1.05;100;2020-04;1600;2020-03;1300;2020-02;2400;2020-01;1900;2019-12;2900;2019-11;2400;2019-10;1600;2019-09;1900;2019-08;2400;2019-07;1900;2019-06;1600;2019-06;1600
"adidas tights women";LOW;52;1900;1.26;100;2020-04;2400;2020-03;1900;2020-02;1900;2020-01;2400;2019-12;2900;2019-11;1900;2019-10;1600;2019-09;1300;2019-08;1300;2019-07;1600;2019-06;1600;2019-06;1600
"adidas zip up hoodie";LOW;47;1900;0.95;100;2020-04;1300;2020-03;1600;2020-02;1900;2020-01;2400;2019-12;3600;2019-11;2900;2019-10;2900;2019-09;1900;2019-08;1600;2019-07;1000;2019-06;1300;2019-06;1300
"adidas floral shoes";LOW;51;1600;0.77;100;2020-04;1600;2020-03;1000;2020-02;1300;2020-01;1600;2019-12;1300;2019-11;1300;2019-10;1300;2019-09;1600;2019-08;2400;2019-07;1900;2019-06;1300;2019-06;1300
"adidas tops women";LOW;51;1600;1.33;100;2020-04;1600;2020-03;1300;2020-02;1300;2020-01;1600;2019-12;1600;2019-11;1300;2019-10;1600;2019-09;1600;2019-08;1900;2019-07;1900;2019-06;1900;2019-06;1900
"white adidas sweatshirt";LOW;51;1600;0.98;100;2020-04;1000;2020-03;880;2020-02;1300;2020-01;1600;2019-12;3600;2019-11;2900;2019-10;2400;2019-09;1600;2019-08;1600;2019-07;1000;2019-06;720;2019-06;720
"pink adidas shirt";LOW;51;1600;0.89;100;2020-04;1300;2020-03;1300;2020-02;1300;2020-01;880;2019-12;1300;2019-11;1300;2019-10;1900;2019-09;1900;2019-08;2400;2019-07;2900;2019-06;1900;2019-06;1900
"womens adidas jogging suit";LOW;47;1600;0.97;100;2020-04;1000;2020-03;1000;2020-02;1300;2020-01;1600;2019-12;2900;2019-11;2400;2019-10;2400;2019-09;1600;2019-08;1000;2019-07;720;2019-06;880;2019-06;880
"grey adidas leggings";LOW;51;1600;0.83;100;2020-04;1600;2020-03;1000;2020-02;1300;2020-01;1600;2019-12;1900;2019-11;1600;2019-10;1300;2019-09;1300;2019-08;1600;2019-07;1300;2019-06;1300;2019-06;1300
"adidas floral";LOW;58;1300;1.09;100;2020-04;1300;2020-03;1300;2020-02;1300;2020-01;1600;2019-12;1300;2019-11;1300;2019-10;1300;2019-09;1300;2019-08;1900;2019-07;1900;2019-06;1300;2019-06;1300
"adidas leggings sale";LOW;51;1300;1.66;100;2020-04;1900;2020-03;1300;2020-02;1000;2020-01;1300;2019-12;1600;2019-11;1600;2019-10;1300;2019-09;1300;2019-08;1600;2019-07;1300;2019-06;880;2019-06;880
"adidas sweatshirt girls";LOW;51;1300;1.41;100;2020-04;480;2020-03;590;2020-02;880;2020-01;1000;2019-12;3600;2019-11;2900;2019-10;1600;2019-09;1000;2019-08;1300;2019-07;1000;2019-06;720;2019-06;720
"pink adidas jacket";LOW;51;1300;1.09;100;2020-04;880;2020-03;1000;2020-02;1000;2020-01;1000;2019-12;1600;2019-11;1600;2019-10;1600;2019-09;1300;2019-08;1600;2019-07;1300;2019-06;1000;2019-06;1000
"black adidas sweatshirt";LOW;51;1300;1.16;100;2020-04;880;2020-03;880;2020-02;1000;2020-01;1300;2019-12;2400;2019-11;2400;2019-10;1900;2019-09;1300;2019-08;1300;2019-07;880;2019-06;590;2019-06;590
"adidas suit womens";LOW;51;1300;1.24;100;2020-04;880;2020-03;880;2020-02;1000;2020-01;1300;2019-12;2400;2019-11;1600;2019-10;1900;2019-09;1300;2019-08;1000;2019-07;1000;2019-06;880;2019-06;880
"adidas cropped sweatshirt";LOW;51;1300;1.23;100;2020-04;1900;2020-03;1300;2020-02;1000;2020-01;1300;2019-12;2400;2019-11;1600;2019-10;1300;2019-09;1000;2019-08;1000;2019-07;880;2019-06;480;2019-06;480
"pink adidas sweatshirt";LOW;51;1300;1.15;100;2020-04;720;2020-03;880;2020-02;1000;2020-01;1300;2019-12;1900;2019-11;1900;2019-10;1600;2019-09;1300;2019-08;1000;2019-07;880;2019-06;590;2019-06;590
"adidas floral jacket";LOW;51;1300;0.57;100;2020-04;1300;2020-03;1300;2020-02;1300;2020-01;1600;2019-12;1300;2019-11;1300;2019-10;1300;2019-09;1300;2019-08;1300;2019-07;1300;2019-06;1000;2019-06;1000
"red adidas sweatshirt";LOW;51;1000;0.86;100;2020-04;720;2020-03;720;2020-02;1000;2020-01;1300;2019-12;1900;2019-11;1600;2019-10;1300;2019-09;1000;2019-08;1000;2019-07;880;2019-06;480;2019-06;480
"adidas tshirt";LOW;58;1000;1.38;100;2020-04;880;2020-03;720;2020-02;880;2020-01;720;2019-12;1000;2019-11;880;2019-10;720;2019-09;1000;2019-08;1300;2019-07;1300;2019-06;1300;2019-06;1300
"adidas leggings outfit";LOW;51;1000;1.09;100;2020-04;880;2020-03;880;2020-02;880;2020-01;1000;2019-12;1300;2019-11;1300;2019-10;1000;2019-09;1000;2019-08;1000;2019-07;880;2019-06;880;2019-06;880
"adidas floral tracksuit";LOW;51;1000;0.85;100;2020-04;1300;2020-03;720;2020-02;590;2020-01;1000;2019-12;1300;2019-11;1000;2019-10;880;2019-09;720;2019-08;1600;2019-07;1600;2019-06;720;2019-06;720
"adidas t shirt dress";LOW;46;1000;0.94;100;2020-04;1300;2020-03;1000;2020-02;1000;2020-01;720;2019-12;480;2019-11;590;2019-10;720;2019-09;1000;2019-08;1900;2019-07;1900;2019-06;1900;2019-06;1900
"adidas bomber jacket womens";LOW;45;880;1;99.9;2020-04;720;2020-03;590;2020-02;720;2020-01;720;2019-12;1000;2019-11;1000;2019-10;1000;2019-09;880;2019-08;880;2019-07;720;2019-06;480;2019-06;480
"black adidas sweater";LOW;50;880;1.29;100;2020-04;390;2020-03;590;2020-02;880;2020-01;880;2019-12;1600;2019-11;1300;2019-10;1000;2019-09;880;2019-08;880;2019-07;590;2019-06;480;2019-06;480
"adidas matching set";LOW;50;880;1.1;100;2020-04;880;2020-03;720;2020-02;720;2020-01;880;2019-12;1300;2019-11;1000;2019-10;1000;2019-09;880;2019-08;880;2019-07;720;2019-06;720;2019-06;720
"adidas women apparel";LOW;50;880;1.66;100;2020-04;720;2020-03;880;2020-02;880;2020-01;880;2019-12;1300;2019-11;880;2019-10;1000;2019-09;880;2019-08;720;2019-07;880;2019-06;590;2019-06;590
"adidas short set";LOW;50;880;1.06;100;2020-04;1000;2020-03;720;2020-02;390;2020-01;320;2019-12;210;2019-11;170;2019-10;320;2019-09;480;2019-08;880;2019-07;1600;2019-06;1900;2019-06;1900
"black adidas hoodie womens";LOW;45;880;1.09;100;2020-04;720;2020-03;590;2020-02;720;2020-01;1000;2019-12;2400;2019-11;1600;2019-10;1300;2019-09;880;2019-08;880;2019-07;590;2019-06;390;2019-06;390
"adidas crop top hoodie";LOW;45;880;0.86;100;2020-04;720;2020-03;720;2020-02;720;2020-01;880;2019-12;1600;2019-11;1000;2019-10;1000;2019-09;880;2019-08;880;2019-07;720;2019-06;590;2019-06;590
"adidas tops";LOW;57;720;1.4;100;2020-04;720;2020-03;720;2020-02;590;2020-01;590;2019-12;880;2019-11;720;2019-10;590;2019-09;720;2019-08;880;2019-07;1000;2019-06;880;2019-06;880
"white adidas sweater";LOW;50;720;1.03;100;2020-04;320;2020-03;480;2020-02;590;2020-01;720;2019-12;1300;2019-11;880;2019-10;880;2019-09;880;2019-08;880;2019-07;590;2019-06;390;2019-06;390
"adidas originals clothing";LOW;50;720;1.16;100;2020-04;880;2020-03;480;2020-02;260;2020-01;390;2019-12;720;2019-11;880;2019-10;720;2019-09;1000;2019-08;880;2019-07;880;2019-06;880;2019-06;880
"white adidas hoodie womens";LOW;45;720;0.92;100;2020-04;480;2020-03;480;2020-02;590;2020-01;720;2019-12;1600;2019-11;1300;2019-10;880;2019-09;590;2019-08;590;2019-07;390;2019-06;390;2019-06;390
"adidas cropped jacket";LOW;50;720;0.84;100;2020-04;720;2020-03;590;2020-02;720;2020-01;720;2019-12;1000;2019-11;880;2019-10;880;2019-09;720;2019-08;590;2019-07;590;2019-06;480;2019-06;480
"adidas trefoil hoodie women's";LOW;45;720;1.87;100;2020-04;480;2020-03;390;2020-02;590;2020-01;880;2019-12;1900;2019-11;1300;2019-10;720;2019-09;590;2019-08;720;2019-07;480;2019-06;390;2019-06;390
"adidas black jacket womens";LOW;45;720;1.11;100;2020-04;390;2020-03;590;2020-02;720;2020-01;720;2019-12;1000;2019-11;1000;2019-10;880;2019-09;880;2019-08;880;2019-07;590;2019-06;480;2019-06;480
"blue adidas sweatshirt";LOW;50;720;0.98;100;2020-04;480;2020-03;590;2020-02;720;2020-01;880;2019-12;1300;2019-11;1000;2019-10;880;2019-09;720;2019-08;590;2019-07;480;2019-06;390;2019-06;390
"red adidas dress";LOW;50;720;0.67;100;2020-04;720;2020-03;720;2020-02;880;2020-01;720;2019-12;590;2019-11;390;2019-10;590;2019-09;880;2019-08;880;2019-07;720;2019-06;880;2019-06;880
"adidas flower shoes";LOW;50;720;0.88;100;2020-04;720;2020-03;590;2020-02;590;2020-01;720;2019-12;720;2019-11;720;2019-10;720;2019-09;720;2019-08;1300;2019-07;1000;2019-06;590;2019-06;590
"pink adidas dress";LOW;50;720;0.7;100;2020-04;390;2020-03;390;2020-02;590;2020-01;390;2019-12;320;2019-11;320;2019-10;480;2019-09;590;2019-08;1000;2019-07;1300;2019-06;1000;2019-06;1000
"black adidas dress";LOW;50;720;0.61;100;2020-04;590;2020-03;590;2020-02;590;2020-01;590;2019-12;480;2019-11;480;2019-10;590;2019-09;720;2019-08;1000;2019-07;1000;2019-06;1000;2019-06;1000
"adidas long sleeve crop top";LOW;42;720;0.73;99.9;2020-04;720;2020-03;590;2020-02;590;2020-01;720;2019-12;880;2019-11;720;2019-10;720;2019-09;720;2019-08;720;2019-07;720;2019-06;720;2019-06;720
"adidas short set womens";LOW;45;720;0.86;100;2020-04;1000;2020-03;720;2020-02;720;2020-01;390;2019-12;170;2019-11;210;2019-10;170;2019-09;320;2019-08;590;2019-07;1300;2019-06;1600;2019-06;1600
"pink adidas outfit";LOW;50;720;0.84;100;2020-04;590;2020-03;480;2020-02;880;2020-01;720;2019-12;880;2019-11;880;2019-10;720;2019-09;880;2019-08;880;2019-07;880;2019-06;720;2019-06;720
"red adidas sweater";LOW;50;720;0.83;100;2020-04;390;2020-03;480;2020-02;720;2020-01;720;2019-12;1600;2019-11;1000;2019-10;880;2019-09;720;2019-08;720;2019-07;480;2019-06;390;2019-06;390
"red adidas jacket womens";LOW;45;590;0.73;100;2020-04;480;2020-03;590;2020-02;720;2020-01;590;2019-12;880;2019-11;720;2019-10;590;2019-09;720;2019-08;480;2019-07;480;2019-06;320;2019-06;320
"pink adidas sweater";LOW;50;590;1.3;99.6;2020-04;390;2020-03;390;2020-02;480;2020-01;720;2019-12;1000;2019-11;880;2019-10;720;2019-09;590;2019-08;480;2019-07;320;2019-06;320;2019-06;320
"adidas hoodie womens sale";LOW;45;590;1.02;100;2020-04;320;2020-03;320;2020-02;480;2020-01;590;2019-12;1600;2019-11;1300;2019-10;880;2019-09;590;2019-08;590;2019-07;390;2019-06;320;2019-06;320
"grey adidas sweatshirt";LOW;50;590;1.09;100;2020-04;480;2020-03;480;2020-02;590;2020-01;720;2019-12;1300;2019-11;880;2019-10;880;2019-09;590;2019-08;590;2019-07;480;2019-06;320;2019-06;320
"adidas originals sweatshirt";LOW;50;590;0.85;100;2020-04;320;2020-03;320;2020-02;390;2020-01;480;2019-12;1000;2019-11;1000;2019-10;880;2019-09;590;2019-08;390;2019-07;480;2019-06;390;2019-06;390
"womens adidas trainers";LOW;50;590;1.3;100;2020-04;590;2020-03;480;2020-02;590;2020-01;590;2019-12;590;2019-11;480;2019-10;480;2019-09;480;2019-08;590;2019-07;590;2019-06;590;2019-06;590
"adidas shirt dress";LOW;50;590;0.88;100;2020-04;590;2020-03;480;2020-02;480;2020-01;320;2019-12;320;2019-11;320;2019-10;390;2019-09;480;2019-08;720;2019-07;720;2019-06;720;2019-06;720
"adidas top";LOW;57;590;1.32;100;2020-04;590;2020-03;480;2020-02;590;2020-01;480;2019-12;590;2019-11;590;2019-10;590;2019-09;590;2019-08;880;2019-07;720;2019-06;720;2019-06;720
"adidas leggings set";LOW;50;590;0.95;100;2020-04;720;2020-03;480;2020-02;720;2020-01;590;2019-12;720;2019-11;590;2019-10;480;2019-09;480;2019-08;590;2019-07;480;2019-06;390;2019-06;390
"adidas sweater for girls";LOW;45;590;0.84;100;2020-04;170;2020-03;210;2020-02;480;2020-01;390;2019-12;1300;2019-11;1000;2019-10;720;2019-09;590;2019-08;720;2019-07;480;2019-06;390;2019-06;390
"white adidas crop top";LOW;45;590;0.62;100;2020-04;590;2020-03;720;2020-02;480;2020-01;390;2019-12;480;2019-11;320;2019-10;390;2019-09;590;2019-08;720;2019-07;720;2019-06;590;2019-06;590
"adidas hoodie dress";LOW;50;590;0.93;100;2020-04;390;2020-03;390;2020-02;1300;2020-01;1300;2019-12;720;2019-11;720;2019-10;720;2019-09;590;2019-08;480;2019-07;320;2019-06;320;2019-06;320
"adidas coat womens";LOW;50;590;1.7;99.8;2020-04;170;2020-03;260;2020-02;590;2020-01;720;2019-12;1300;2019-11;1600;2019-10;1000;2019-09;590;2019-08;320;2019-07;140;2019-06;90;2019-06;90
"burgundy adidas hoodie";LOW;50;590;0.63;100;2020-04;480;2020-03;480;2020-02;590;2020-01;720;2019-12;1600;2019-11;1300;2019-10;720;2019-09;590;2019-08;390;2019-07;320;2019-06;320;2019-06;320
"red adidas hoodie womens";LOW;45;480;0.89;100;2020-04;480;2020-03;320;2020-02;480;2020-01;720;2019-12;1000;2019-11;720;2019-10;480;2019-09;390;2019-08;390;2019-07;320;2019-06;110;2019-06;110
"white adidas shirt womens";LOW;45;480;1.09;100;2020-04;390;2020-03;260;2020-02;320;2020-01;320;2019-12;390;2019-11;390;2019-10;390;2019-09;390;2019-08;590;2019-07;720;2019-06;720;2019-06;720
"adidas cropped tee";LOW;50;480;1.1;100;2020-04;390;2020-03;480;2020-02;320;2020-01;390;2019-12;390;2019-11;320;2019-10;480;2019-09;480;2019-08;720;2019-07;880;2019-06;720;2019-06;720
"adidas floral leggings";LOW;50;480;1.05;100;2020-04;590;2020-03;390;2020-02;390;2020-01;480;2019-12;480;2019-11;390;2019-10;480;2019-09;720;2019-08;590;2019-07;590;2019-06;590;2019-06;590
"adidas tee dress";LOW;50;480;0.99;100;2020-04;390;2020-03;320;2020-02;260;2020-01;210;2019-12;260;2019-11;210;2019-10;140;2019-09;480;2019-08;720;2019-07;1000;2019-06;880;2019-06;880
"adidas floral hoodie";LOW;50;480;0.56;100;2020-04;390;2020-03;480;2020-02;480;2020-01;720;2019-12;1000;2019-11;720;2019-10;590;2019-09;390;2019-08;480;2019-07;390;2019-06;210;2019-06;210
"blue adidas sweater";LOW;50;480;0.83;100;2020-04;320;2020-03;320;2020-02;480;2020-01;590;2019-12;880;2019-11;720;2019-10;720;2019-09;590;2019-08;480;2019-07;390;2019-06;210;2019-06;210
"matching adidas outfits";LOW;50;480;1.04;100;2020-04;590;2020-03;320;2020-02;590;2020-01;390;2019-12;720;2019-11;720;2019-10;480;2019-09;260;2019-08;390;2019-07;590;2019-06;320;2019-06;320
"adidas crop";LOW;57;480;1.01;100;2020-04;590;2020-03;390;2020-02;480;2020-01;480;2019-12;590;2019-11;480;2019-10;390;2019-09;390;2019-08;480;2019-07;480;2019-06;390;2019-06;390
"black and gold adidas jacket";LOW;41;480;0.75;100;2020-04;390;2020-03;480;2020-02;880;2020-01;590;2019-12;1000;2019-11;720;2019-10;480;2019-09;320;2019-08;260;2019-07;210;2019-06;260;2019-06;260
"burgundy adidas jacket";LOW;50;480;0.49;99.9;2020-04;260;2020-03;170;2020-02;260;2020-01;480;2019-12;720;2019-11;720;2019-10;590;2019-09;390;2019-08;480;2019-07;320;2019-06;320;2019-06;320
"adidas ladies";LOW;57;480;1.39;100;2020-04;390;2020-03;390;2020-02;590;2020-01;480;2019-12;590;2019-11;590;2019-10;480;2019-09;390;2019-08;590;2019-07;480;2019-06;390;2019-06;390
"womens adidas crop top";LOW;45;480;1.27;99.7;2020-04;590;2020-03;480;2020-02;390;2020-01;390;2019-12;590;2019-11;480;2019-10;260;2019-09;390;2019-08;480;2019-07;590;2019-06;590;2019-06;590
"adidas jumper";LOW;57;480;0.75;100;2020-04;320;2020-03;260;2020-02;260;2020-01;390;2019-12;390;2019-11;480;2019-10;590;2019-09;590;2019-08;590;2019-07;590;2019-06;480;2019-06;480
"green adidas sweatshirt";LOW;50;480;0.86;100;2020-04;390;2020-03;590;2020-02;590;2020-01;480;2019-12;880;2019-11;720;2019-10;720;2019-09;480;2019-08;480;2019-07;320;2019-06;210;2019-06;210
"womans adidas";LOW;57;480;1.46;100;2020-04;590;2020-03;480;2020-02;590;2020-01;480;2019-12;880;2019-11;590;2019-10;480;2019-09;480;2019-08;480;2019-07;480;2019-06;320;2019-06;320
"maroon adidas jacket";LOW;50;480;0.61;100;2020-04;260;2020-03;260;2020-02;320;2020-01;590;2019-12;720;2019-11;590;2019-10;590;2019-09;480;2019-08;590;2019-07;390;2019-06;320;2019-06;320
"adidas skirt set";LOW;50;480;0.92;100;2020-04;210;2020-03;320;2020-02;390;2020-01;320;2019-12;170;2019-11;140;2019-10;320;2019-09;480;2019-08;590;2019-07;880;2019-06;1000;2019-06;1000
"adidas sweater hoodie";LOW;49;170;1.19;100;2020-04;50;2020-03;110;2020-02;90;2020-01;140;2019-12;260;2019-11;390;2019-10;210;2019-09;210;2019-08;170;2019-07;70;2019-06;70;2019-06;70
"adidas pullover hoodie women's";LOW;44;170;1.31;100;2020-04;140;2020-03;90;2020-02;140;2020-01;170;2019-12;390;2019-11;320;2019-10;210;2019-09;210;2019-08;170;2019-07;90;2019-06;70;2019-06;70
"adidas outfits for ladies";LOW;44;170;1.38;100;2020-04;110;2020-03;170;2020-02;140;2020-01;90;2019-12;110;2019-11;260;2019-10;260;2019-09;90;2019-08;170;2019-07;210;2019-06;210;2019-06;210
"blue adidas jacket womens";LOW;44;170;1.16;100;2020-04;110;2020-03;110;2020-02;140;2020-01;210;2019-12;260;2019-11;210;2019-10;170;2019-09;260;2019-08;210;2019-07;170;2019-06;140;2019-06;140
"adidas zip up womens";LOW;44;170;1.02;100;2020-04;210;2020-03;170;2020-02;210;2020-01;140;2019-12;210;2019-11;210;2019-10;210;2019-09;170;2019-08;170;2019-07;90;2019-06;110;2019-06;110
"black and white adidas jacket womens";LOW;39;170;0.84;100;2020-04;90;2020-03;110;2020-02;110;2020-01;110;2019-12;390;2019-11;260;2019-10;210;2019-09;210;2019-08;320;2019-07;140;2019-06;140;2019-06;140
"adidas women's leggings set";LOW;44;170;1.1;100;2020-04;170;2020-03;110;2020-02;210;2020-01;140;2019-12;170;2019-11;170;2019-10;140;2019-09;110;2019-08;170;2019-07;110;2019-06;140;2019-06;140
"womens adidas zip hoodie";LOW;44;170;1.23;100;2020-04;140;2020-03;110;2020-02;110;2020-01;170;2019-12;320;2019-11;260;2019-10;170;2019-09;170;2019-08;110;2019-07;110;2019-06;110;2019-06;110
"adidas cropped hoodie white";LOW;44;170;0.57;100;2020-04;110;2020-03;140;2020-02;170;2020-01;170;2019-12;390;2019-11;320;2019-10;210;2019-09;140;2019-08;170;2019-07;110;2019-06;90;2019-06;90
"adidas two piece outfit";LOW;44;170;1;99.8;2020-04;480;2020-03;50;2020-02;70;2020-01;90;2019-12;140;2019-11;70;2019-10;90;2019-09;210;2019-08;320;2019-07;320;2019-06;50;2019-06;50
"blue adidas hoodie womens";LOW;44;170;0.82;100;2020-04;90;2020-03;140;2020-02;140;2020-01;170;2019-12;480;2019-11;210;2019-10;210;2019-09;170;2019-08;140;2019-07;70;2019-06;50;2019-06;50
"burgundy adidas sweater";LOW;49;140;0.74;100;2020-04;70;2020-03;70;2020-02;110;2020-01;170;2019-12;260;2019-11;260;2019-10;140;2019-09;110;2019-08;170;2019-07;90;2019-06;70;2019-06;70
"adidas womens tops on sale";LOW;41;140;1.29;100;2020-04;140;2020-03;110;2020-02;110;2020-01;170;2019-12;140;2019-11;90;2019-10;90;2019-09;70;2019-08;140;2019-07;170;2019-06;210;2019-06;210
"red adidas track jacket women's";LOW;39;140;0.79;92.9;2020-04;140;2020-03;110;2020-02;140;2020-01;140;2019-12;260;2019-11;170;2019-10;170;2019-09;140;2019-08;90;2019-07;140;2019-06;70;2019-06;70
"pink and black adidas shirt";LOW;41;140;1.06;100;2020-04;110;2020-03;90;2020-02;140;2020-01;90;2019-12;140;2019-11;90;2019-10;90;2019-09;170;2019-08;170;2019-07;170;2019-06;210;2019-06;210
"pink adidas top";LOW;49;140;1.05;100;2020-04;110;2020-03;70;2020-02;140;2020-01;110;2019-12;110;2019-11;90;2019-10;140;2019-09;110;2019-08;140;2019-07;170;2019-06;170;2019-06;170
"adidas floral sweatsuit";LOW;49;140;0.88;100;2020-04;170;2020-03;90;2020-02;110;2020-01;320;2019-12;90;2019-11;110;2019-10;170;2019-09;140;2019-08;90;2019-07;140;2019-06;40;2019-06;40
"adidas women's black track jacket";LOW;41;140;1.37;100;2020-04;50;2020-03;70;2020-02;110;2020-01;170;2019-12;210;2019-11;260;2019-10;170;2019-09;110;2019-08;140;2019-07;70;2019-06;70;2019-06;70
"adidas crop top sweater";LOW;44;140;0.69;99.2;2020-04;140;2020-03;170;2020-02;140;2020-01;140;2019-12;260;2019-11;170;2019-10;90;2019-09;170;2019-08;110;2019-07;140;2019-06;70;2019-06;70
"grey and white adidas jumper";LOW;7;0;0;0;2020-04;0;2020-03;0;2020-02;0;2020-01;0;2019-12;0;2019-11;0;2019-10;0;2019-09;0;2019-08;0;2019-07;0;2019-06;0;2019-06;0
"adidas jumper crop top";LOW;11;0;0;0;2020-04;0;2020-03;0;2020-02;0;2020-01;0;2019-12;0;2019-11;0;2019-10;0;2019-09;0;2019-08;0;2019-07;0;2019-06;0;2019-06;0
"adidas hooded top ladies";LOW;11;0;0;0;2020-04;0;2020-03;0;2020-02;0;2020-01;0;2019-12;0;2019-11;0;2019-10;0;2019-09;0;2019-08;0;2019-07;0;2019-06;0;2019-06;0
"adidas jumpers for ladies";LOW;11;0;0;0;2020-04;0;2020-03;0;2020-02;0;2020-01;0;2019-12;0;2019-11;0;2019-10;0;2019-09;0;2019-08;0;2019-07;0;2019-06;0;2019-06;0
"adidas originals grey womens hoodie";LOW;7;0;0;0;2020-04;0;2020-03;0;2020-02;0;2020-01;0;2019-12;0;2019-11;0;2019-10;0;2019-09;0;2019-08;0;2019-07;0;2019-06;0;2019-06;0
"ladies adidas zipper";LOW;16;0;0;0;2020-04;0;2020-03;0;2020-02;0;2020-01;0;2019-12;0;2019-11;0;2019-10;0;2019-09;0;2019-08;0;2019-07;0;2019-06;0;2019-06;0
